inscribed_circle_radius,symmetry_angle,area_ratio,R_min,R_max,R_mean,R_median,R_std,G_min,G_max,G_mean,G_median,G_std,B_min,B_max,B_mean,B_median,B_std,perimeter,eccentricity,extent,convex_area,major_axis_length,minor_axis_length,aspect_ratio,compactness,roundness,orientation,ID,bug_type,species
128.1288414058287,0,0.506544070804514,5,208,68.04751023249808,56.0,47.93924100148832,3,199,54.839850877833236,37.0,45.28835955779891,0,193,39.86166897798539,24.0,36.227539994619065,7598.9489860468875,0.3924834742242959,0.506544070804514,275268.0,562.4286203217055,517.298817312375,1.087241264621099,324.206108015558,0.03876043758483457,1.060969998423143,1,Bee,Apis mellifera
109.65856099730654,0,0.4318311994609164,2,248,63.72182885676946,55.0,42.12142537028327,2,251,52.00859227183178,34.0,42.82417148563122,0,244,35.67572219946555,19.0,34.57249459018058,7966.320702497142,0.5954176346237844,0.4318311994609164,362732.0,684.682843642005,550.0853949523391,1.2446846433749212,309.4693737444874,0.04060618491035098,1.3225988669433022,2,Bee,Apis mellifera
179.17589123540031,0,0.448143262987013,3,255,107.16541956274008,114.0,58.773790261029895,0,255,87.77819096349627,86.0,60.057835955178724,0,255,63.37253692257767,52.0,54.8224666733894,10753.180658914463,0.24047846411871768,0.448143262987013,844980.0,951.6032521389236,923.6779543571248,1.0302327208850997,218.15997321509823,0.0576016325504824,-0.47103894867670226,3,Bee,Apis mellifera
104.34557968596465,0,0.4273901033558208,5,219,87.5494458585635,88.0,46.31404842692584,3,213,70.98628322081865,61.0,46.06838549746201,0,201,50.38663736541715,36.0,37.41529918975786,10542.70565827674,0.7353804329301628,0.4273901033558208,519521.0,864.4947812239187,585.828777123919,1.4756782441929344,351.45260184680205,0.03575552022755218,-1.4315634902369745,4,Bee,Apis mellifera
88.81441324469807,0,0.3962208044982699,6,255,123.1543699256328,134.0,62.351631899223044,0,250,100.87167906119943,91.0,63.02067974773602,0,245,80.91900570830775,63.0,60.61350165520314,7263.765040394065,0.6506169115645022,0.3962208044982699,387703.0,748.7766435014498,568.6255553793866,1.316818486995131,239.98673017239088,0.05236277274719443,-1.1922841704374303,5,Bee,Apis mellifera
73.78346698278686,0,0.43975074404761905,7,201,100.42404438616528,109.0,49.633553121210376,4,199,84.32272323505774,78.0,51.35771431423214,0,204,68.30593742509483,55.0,48.96519016320326,5077.953677743273,0.7644644006510309,0.43975074404761905,222784.0,603.7536349244407,389.21940736904776,1.5511909824989203,181.7859760113534,0.0691272830285563,1.3629852818199755,6,Bee,Apis mellifera
113.37107214805724,0,0.4786797086720867,11,238,91.57276600763707,87.0,41.357830710126805,9,234,72.71503973343948,70.0,36.72961629244075,4,223,50.97657275126424,42.0,34.684918172706126,5079.154867338799,0.9002174536330694,0.4786797086720867,189966.0,661.2506404524784,287.93539084974594,2.296524364375689,190.17363414577832,0.06607840603564621,-0.3401466370719932,7,Bee,Apis mellifera
87.05170877128145,0,0.3283383467515999,4,168,55.44402654122085,46.0,35.52406748615802,4,171,43.03551179422695,31.0,35.36945688988881,3,183,36.65892173483479,24.0,37.0618365316326,5998.779325743938,0.8741661504526851,0.3283383467515999,304099.0,774.2440447907038,375.9937794770971,2.0591937607783355,202.0082935643877,0.06220720146004201,0.7762734271364715,8,Bee,Apis mellifera
32.0,0,0.42692752849002846,6,255,87.59604122134752,93.0,52.744429703943844,3,255,71.36752805148613,64.0,51.89940928624071,0,254,68.21995724936134,57.0,54.63248148173798,6330.187442651901,0.5135794785864793,0.42692752849002846,251860.0,622.7739342863807,534.3662086027349,1.165444079847068,232.12364700663161,0.0541365379030089,-0.4567587056419029,9,Bee,Apis mellifera
77.0,0,0.5375744047619048,4,255,82.9626033439869,80.0,52.428151869236636,0,255,63.616741065532636,48.0,48.94021772637199,0,255,60.416968224200325,44.0,50.82316751657229,7692.312334332929,0.47411276176489237,0.5375744047619048,554340.0,851.997272967875,750.1530400840822,1.1357646072758398,156.29485472128295,0.0804016910010793,-1.0298927457046791,10,Bee,Apis mellifera
100.41912168506553,0,0.5802134483835258,12,255,120.44402013061664,124.0,45.80857770636268,2,246,89.04546205024093,90.0,42.44762045804367,0,255,82.2986051659614,80.0,46.704382285492365,6454.108186144573,0.6146827430995575,0.5802134483835258,434020.0,800.4858456496007,631.4027787597522,1.2677895514206856,127.36196120165592,0.09866659162434277,-0.5232588337344513,11,Bee,Apis mellifera
52.49761899362675,0,0.5395604806541683,10,235,109.42033281199103,108.0,44.64914741761872,0,195,75.59738666580418,72.0,37.59021817221442,0,255,82.69881739234897,73.0,51.193259185305934,7592.299095003583,0.3612999030899757,0.5395604806541683,612059.0,901.6971318543988,840.7871896259669,1.0724439465538578,133.16870363189742,0.0943642933484951,-1.3966312077363052,12,Bee,Apis mellifera
161.96913286178943,0,0.5403556129659071,5,255,104.90978582337708,100.0,47.944803086187974,3,255,78.34177082641631,71.0,42.864686142349335,0,255,52.57335791963141,43.0,39.54438728683628,9566.724814791749,0.8959043742890133,0.5403556129659071,613378.0,1142.39095456907,507.5036966905311,2.2510002626950016,233.74577618454083,0.053760845733691894,1.508655165702465,13,Bee,Apis mellifera
60.166435825965294,0,0.47821689577170695,10,255,137.16819790932314,136.0,52.05695427637188,0,245,107.28695259970134,103.0,48.88175990571724,0,255,99.55541658138706,91.0,51.475646989027865,5855.546606855836,0.5680838726578105,0.47821689577170695,362079.0,722.5672445013412,594.6516449135594,1.2151101416803043,129.95635983088448,0.09669684985569088,1.4780879347081448,14,Bee,Apis mellifera
119.5198728245642,0,0.36583794653780277,9,255,123.59907881055265,125.0,51.20961416821675,0,254,94.88776432598506,98.0,45.321823693079914,0,255,80.77410741810924,82.0,41.512517602470275,13315.85424949238,0.5998116312066757,0.36583794653780277,753196.0,960.2140549879086,768.3068664958099,1.2497793484098,463.2385697625293,0.027127211408154314,-0.9219013461882124,15,Bee,Apis mellifera
115.43396380615195,0,0.34699129057798894,13,255,107.13392445249139,100.0,46.72608793315985,0,255,87.01746819117538,84.0,40.78430692545833,0,255,66.9120712319254,62.0,34.58159869498639,9811.265832607452,0.8396669167777108,0.34699129057798894,756365.0,1216.791897741653,660.8417620177453,1.8412757299514904,238.74832520174212,0.05263438226735455,-1.3297329484891638,16,Bee,Apis mellifera
127.94530081249565,0,0.3465905538884721,3,255,122.8220562538752,117.0,48.48276636293121,0,255,106.66771602502678,110.0,47.31928407251899,0,255,74.72592018488247,66.0,44.36364280107934,8034.490003862593,0.4404651193206806,0.3465905538884721,630702.0,837.6877476410702,752.0506986187661,1.1138713775275884,181.93176715565056,0.0690718878336849,-0.23714800711308492,17,Bee,Apis mellifera
201.0,0,0.2985459067147135,17,255,136.9983546140629,133.0,49.8757636726998,0,255,112.85794733550695,110.0,47.93034576335898,0,255,96.06933085614712,88.0,48.80779762841095,8090.835241654153,0.4408616331326853,0.2985459067147135,666100.0,877.483472864277,787.6072964947098,1.1141129300979895,198.72623725005866,0.06323458234931917,-1.2069578988155818,18,Bee,Apis mellifera
140.356688476182,0,0.4712303099593496,7,255,107.67017677465444,107.0,37.626450716839734,0,255,88.37772693269353,96.0,38.37925075192442,0,255,65.9114812543385,63.0,33.295227202368565,8348.02423794086,0.6314429059261872,0.4712303099593496,412069.0,801.9570413684013,621.8554320653274,1.2896197412072359,234.832993028919,0.053511946734042005,1.4873358262416987,19,Bee,Apis mellifera
155.1934276958918,0,0.41613668646694213,9,255,91.69714620654284,88.0,55.1775103897782,0,255,68.2985740729966,61.0,47.40705672418694,0,255,60.55888710028467,49.0,45.91917813361543,6528.660171779822,0.6840672012886131,0.41613668646694213,732348.0,1063.970068260415,776.0799734184072,1.3709541602702817,91.85108391265607,0.13681243681684702,0.32098567811551926,20,Bee,Apis mellifera
79.12016177940993,0,0.3883092508879561,14,235,123.07263207130421,119.0,41.17572250549378,3,207,101.77038952264637,104.0,37.92910403847793,0,255,100.19212639347245,97.0,45.56362585549041,13594.378023365382,0.8122700285466187,0.3883092508879561,685074.0,1129.7951125899683,658.9886775318852,1.7144378213316165,480.23052735535083,0.026167371498773077,-1.2678735210541159,21,Bee,Apis mellifera
103.24727599312246,0,0.426159793814433,9,255,146.0530813426066,162.0,68.46072646465323,0,255,105.81957060780164,111.0,59.367176142051946,0,255,103.84837617175688,99.0,66.67865119952364,8780.217059372175,0.4742882240314994,0.426159793814433,552344.0,810.915793448456,713.9056347912749,1.1358865288765287,233.1182691553981,0.05390555901040235,-1.4519667496370212,22,Bee,Apis mellifera
114.0,0,0.422157240464679,4,255,116.20757394626112,119.0,46.689777096086225,0,255,98.58078602620087,103.0,47.24168965257269,0,255,81.47807522250362,77.0,45.55957931479726,10520.937151675567,0.9277741929778348,0.422157240464679,573146.0,1287.6168411056506,480.464086682517,2.6799439891466585,275.1069795664682,0.045678123594545254,1.0346085459364514,23,Bee,Apis mellifera
112.61438629233834,0,0.5232020202803275,0,255,77.34815552933725,75.0,44.13049216036781,0,255,51.62851469964494,44.0,34.6493637385616,0,255,50.1551255669916,38.0,39.5602271190295,8877.304504574964,0.40946794525974184,0.5232020202803275,792781.0,1023.5368793768195,933.797776479625,1.0961012171559315,145.96208498613095,0.08609338935897776,0.011824795861320425,24,Bee,Megachile centuncularis
182.4828759089466,0,0.33708994320407365,4,255,98.57260820148953,103.0,49.218599380850364,0,255,88.22810279277677,93.0,49.11591806445501,0,255,82.65546554147043,87.0,47.796085576929094,9157.186576100123,0.7695128609268161,0.33708994320407365,602803.0,908.4676832004347,580.1759114201774,1.5658486767860662,304.49315691443115,0.041269796476544725,1.417542379899995,25,Bee,Apis mellifera
64.81512169239521,0,0.4220467858860716,3,255,102.48333337573234,110.0,66.5493448591815,2,255,84.50025312205062,87.0,56.55059338268847,0,255,89.81870864507201,86.0,64.93543308921281,9340.674995535941,0.7101444637380027,0.4220467858860716,625917.0,1025.6572670779428,722.1201451717092,1.4203415788020388,221.95422783078308,0.05661694637301398,1.279921494499404,26,Bee,Andrenidae
42.01190307520001,0,0.6139277547909407,9,255,107.99033398734107,108.0,44.83964751713498,0,255,73.88242271069579,69.0,41.26009366776069,0,255,59.9446088701185,52.0,40.2267775612634,4626.190401244731,0.7928271644152406,0.6139277547909407,118458.0,467.0459236921874,284.6395230764172,1.640833003949348,237.23451862335682,0.052970245170392144,-0.1829920173429397,27,Bee,Apis mellifera
67.26812023536856,0,0.3864981241473397,9,255,152.46642289067586,170.0,59.952392954898436,4,255,129.35540002426728,141.0,59.31422391669271,0,255,111.46091862735365,111.0,61.89479223994846,7652.86972953956,0.7690652445083974,0.3864981241473397,322321.0,683.0508670088351,436.5858154452258,1.5645283077102876,323.0109925174167,0.03890384818306639,-0.26950267051778926,28,Bee,Apis mellifera
45.0,0,0.5742494707806787,0,255,95.33550696913251,93.0,57.23931356146012,0,255,78.60035634594601,72.0,54.296794718589034,0,255,68.71678316796014,58.0,50.897512475103284,9100.852665065606,0.7785969718193273,0.5742494707806787,532311.0,937.2774024116945,588.1643521149006,1.593563770128988,231.30515677052196,0.05432810400689112,-1.5164382637163494,29,Bee,Andrenidae
27.65863337187866,0,0.42954399614983557,21,255,138.3873789127238,132.0,49.31067301068026,0,255,99.07049088489998,100.0,44.217242291604244,0,255,77.28155038397796,69.0,48.504496114833294,7832.938705310372,0.5542805504022248,0.42954399614983557,608306.0,923.7382564313359,768.8549756024145,1.2014466781691397,143.21544492693758,0.08774452099611184,-0.8341042240547533,30,Bee,Apis mellifera
137.13132391981054,0,0.4970034995625547,8,255,130.80109360559786,139.0,50.074909006692295,0,255,110.83927811761944,120.0,49.39995152270646,0,255,93.5585786794584,95.0,47.635855687033384,3121.2976900455574,0.5049973671456659,0.4970034995625547,364961.0,719.5820193454861,621.0862681390101,1.1585862645162053,35.72921441521708,0.3517113605780023,1.0159625893978919,31,Bee,Apis mellifera
70.00714249274856,0,0.45845727210757886,2,255,91.086939258258,81.0,68.51819481173814,0,255,76.283416406184,61.0,60.8616971237911,0,255,74.69413280391991,58.0,58.45082250831513,3777.0134187980957,0.550380254976473,0.45845727210757886,386404.0,731.0271144507778,610.3448543351776,1.1977279881339447,60.25948452217994,0.20853763874687345,-1.4652774061781006,32,Bee,Apis mellifera & Megachile centuncularis
121.79490958164057,0,0.33016341015814754,6,255,84.73465071369456,77.0,55.267635366736165,2,255,70.85525845245272,63.0,50.385320929257716,0,255,55.49679680395623,42.0,44.80968301857826,3842.2611101190982,0.5461122725316016,0.33016341015814754,345938.0,681.1767301867663,570.6299172766271,1.1937276850778031,75.42055582518644,0.1666173164181677,-0.68665030698402,33,Bee,Apis mellifera
72.12489168102785,0,0.39785358532884757,7,255,79.24154636931718,70.0,51.28293267522872,5,255,65.83114500968942,51.0,48.28294396337249,0,255,44.26685803703742,32.0,36.82970408241007,3898.386001800126,0.5103904941124436,0.39785358532884757,319860.0,702.8837311221665,604.4397728572006,1.1628681014811766,78.74552275734567,0.15958203303929347,-0.5375929847804468,34,Bee,Apis mellifera
75.0066663703967,0,0.6269965277777778,5,192,71.2880612857077,57.0,48.883767544162055,5,188,57.11564139246543,37.0,49.54143218502322,0,182,48.083975571861494,28.0,47.2021851276119,2342.3889603929565,0.8364902514398012,0.6269965277777778,159768.0,582.406610999441,319.14822627691603,1.8248781069336195,42.20150169805402,0.2977706979308423,0.32758595027171794,35,Bee,Apis mellifera
84.0,0,0.4378665349712945,9,255,111.74829497391795,118.0,50.74702261561796,7,255,88.43912572254335,97.0,46.2221421554381,5,238,63.46918616946285,65.0,35.499562430911034,3977.7657274770927,0.4783186638832782,0.4378665349712945,347102.0,698.7955370368279,613.6726982688984,1.1387104868899194,69.7105428886374,0.1802649942697183,-0.7772964093582181,36,Bee,Apis mellifera
47.50789408087881,0,0.38789102385593616,11,255,142.59852427958918,151.0,63.647860924270276,8,255,117.7168172300329,128.0,62.29401909491076,0,255,91.58219164423173,88.0,53.25791649605917,3969.9219689819474,0.652355711953513,0.38789102385593616,401409.0,815.9114304768624,618.3898313010991,1.3194127541848086,62.858831148890225,0.1999141629693035,0.15245827623932848,37,Bee,Apis mellifera
142.30249470757707,0,0.5374770631547163,0,255,111.84182872371075,109.0,47.0269654511382,0,255,92.67999135695764,91.0,45.57876729106329,0,255,73.69265701526938,65.0,44.09892690014207,3460.940258945177,0.6735175510692917,0.5374770631547163,355980.0,740.5007123049595,547.3568229023156,1.3528665055795122,43.13637091611751,0.29131728857755773,0.8094756372659495,38,Bee,Apis mellifera
187.94946129212502,0,0.5470894176636172,4,255,92.50466791948467,87.0,50.42578035190769,0,255,68.2136465043363,65.0,44.58816868058127,0,255,53.35651800339668,45.0,41.98480314162374,4726.337228564847,0.5637815961127164,0.5470894176636172,555672.0,875.8521499486898,723.3872358597594,1.2107652810706881,56.121214156804996,0.22391480304129224,-0.627362347112852,39,Bee,Apis mellifera
108.04628637764465,0,0.5140854977403415,8,194,85.43543587200055,90.0,39.006768107398955,5,173,71.13646262691911,72.0,34.20437472333399,0,152,56.26069085042216,52.0,29.09498244049015,4784.529183444383,0.43352152579754305,0.5140854977403415,553801.0,843.1192370125274,759.7711764686998,1.109701530046476,65.25315268840747,0.19257875055271692,-1.550743916412901,40,Bee,Andrenidae
84.34453153583817,0,0.5630096738087624,8,255,107.5233061753377,101.0,55.845213272471106,5,255,97.90795125761045,89.0,55.901935027795396,0,255,77.16804675435327,62.0,52.38133532489914,3102.021428024809,0.9136942995198339,0.5630096738087624,309080.0,904.3072951633179,367.51245071068166,2.460616758465197,42.70078696027955,0.2942889700381509,0.1014209800261357,41,Bee,Andrenidae
156.8948692596415,0,0.3927772344713134,3,255,108.27123514192391,102.0,46.35064452495272,0,255,92.4546783487848,91.0,45.368179585141895,0,255,76.25330327922966,68.0,42.863069925177264,4469.859089865545,0.4199682943375443,0.3927772344713134,477000.0,742.2699797201068,673.6387895959572,1.1018812918497671,62.810688330939804,0.20006739216339914,1.4171928809368328,42,Bee,Apis mellifera
172.88724649319857,0,0.35012518657614716,11,255,119.0475448654038,122.0,47.99796880583717,0,255,85.42250403960533,84.0,44.95245864802464,0,255,76.48012857977791,79.0,42.7223091356597,5200.226622233692,0.7786873881560433,0.35012518657614716,773060.0,1129.5287683817503,708.6800240523228,1.59384874703108,58.10662177817417,0.21626400279011423,-0.7449794197185979,43,Bee,Apis mellifera
88.52683209061533,0,0.403002482451635,9,255,127.00183867456124,127.0,48.30789912343073,0,255,103.29353742399702,106.0,45.1959315936269,0,255,88.42585561426334,85.0,45.46596517587922,3657.182899632296,0.33463257067132407,0.403002482451635,467764.0,775.167156870922,730.4777503257067,1.0611783268214385,44.39033919683406,0.28308796106823647,-0.8111610664451714,44,Bee,Apis mellifera
133.82077566656082,0,0.5158396898363306,9,235,89.05096857116627,79.0,46.040288134023065,6,217,74.80014689230957,68.0,42.82184800071397,0,250,47.33235609144046,32.0,42.04209301943399,4521.128209211356,0.7181139605213075,0.5158396898363306,497840.0,875.0115414990231,608.9428685097547,1.4369353624920664,62.553478850955365,0.200890035937102,-0.6222588415874928,45,Bee,Megachile centuncularis
168.30923919975396,0,0.6004261553758198,5,255,98.75631484772913,98.0,45.116983404329694,0,243,84.42244744012564,84.0,42.30267497143755,0,241,68.4666369442725,60.0,44.161856556184176,4976.399241129472,0.3545484365939646,0.6004261553758198,663555.0,912.7519138711864,853.4574041843808,1.0694756520900668,49.2898459022186,0.2549484662477621,-0.5036496474533265,46,Bee,Megachile centuncularis
84.72307831990054,0,0.5047702370537016,3,255,94.8547272202047,87.0,59.198221012850674,0,243,82.9542581435017,78.0,52.42729801160636,0,255,109.70195746671068,97.0,66.94287514806337,3921.8347032479055,0.44501999769958445,0.5047702370537016,383580.0,743.1996099288074,665.5505840991906,1.116668856860389,52.894201330195564,0.23757558103416232,0.7304585529877139,47,Bee,Megachile centuncularis
154.37940277122465,0,0.5240653820816864,6,255,109.06776568767377,111.0,62.73058274468275,4,237,89.05055583925835,87.0,54.26655384488815,4,255,110.66532671651106,101.0,66.23459967379456,3217.383909759073,0.764018475324264,0.5240653820816864,293316.0,740.1328339704734,477.52953425105534,1.5499205407918446,45.18102081844583,0.2781338355513376,0.0966637457593413,48,Bee,Megachile centuncularis
276.63152387246106,0,0.6504200913242009,32,255,181.83911814399312,189.0,38.70784946363298,14,255,184.90425576725966,192.0,37.773434693499425,17,255,159.38617355368032,155.0,44.09615550758479,2955.432682994352,0.6721608950596126,0.6504200913242009,452643.0,885.5389147616355,655.6575401280625,1.3506119590856422,20.440091039888035,0.6147903446142385,-0.5146460308620894,49,Butterfly,Pieris rapae
138.0,0,0.4111591361025188,10,255,122.11744739626191,121.0,54.72590692677946,4,250,95.00974827453022,88.0,53.278151485722134,4,255,104.86522653612991,102.0,56.3744061622761,5314.8885271170675,0.618908914867482,0.4111591361025188,674940.0,999.7136006474765,785.237808906559,1.2731348252825143,59.2957901385427,0.21192685998446523,-0.16524027399675023,50,Bee,Megachile centuncularis
183.09833423600554,0,0.42768664864302797,5,247,129.2709602789892,135.0,52.81239303662712,2,248,108.5601475482077,108.0,50.47306293529595,2,255,131.83512703429622,134.0,58.2764068959622,4768.777920785913,0.6539299158006335,0.42768664864302797,726884.0,1087.4781160217021,822.7371477923115,1.3217807399845531,43.19554099320612,0.2909182365914953,1.4497184725566066,51,Bee,Megachile centuncularis
167.0029939851379,0,0.48990966749951953,7,245,109.41142564077415,110.0,47.05223512411098,0,240,97.11783828625605,98.0,47.8768050166617,6,255,105.92190564927422,102.0,51.5217163980035,4318.1362184380705,0.5383191169687714,0.48990966749951953,665536.0,994.7856277766393,838.346714549017,1.186604075035682,38.099704951669445,0.3298285545859206,-0.7153113208611914,52,Bee,Megachile centuncularis
151.58495967608397,0,0.5389725758632717,19,255,124.50289953991607,118.0,48.61106263466452,0,234,105.12211436371909,102.0,46.842134271510666,1,241,105.59176146417919,98.0,46.93231968967758,3599.3422791987305,0.6607577154638361,0.5389725758632717,512000.0,924.2918229434683,693.7727536106538,1.3322688418262418,32.750050161351716,0.3837053852573553,-0.40958310100276335,53,Bee,Megachile centuncularis
111.04053313993049,0,0.37559728593272174,7,234,111.74148166995315,104.0,55.12735174473065,0,240,99.25816494568483,91.0,55.87585840050301,0,238,84.50671783672229,70.0,53.71306247538559,4123.099638511611,0.8019346016584196,0.37559728593272174,454260.0,911.8066388749708,544.7240727662098,1.6738871741882961,60.07516707692677,0.20917745594061898,-1.1830933534243517,54,Bee,Megachile centuncularis
0.0,0,0.4330571771978022,4,220,71.99095195024037,67.0,40.42840314215665,0,191,47.837197056053924,38.0,38.23780394746878,0,170,33.5946963126332,22.0,31.981206024457013,4227.488598904567,0.576395171218791,0.4330571771978022,481364.0,807.4199431306066,659.8002430506751,1.2237339280103807,55.359009806549835,0.22699774902535153,-0.5088250899122266,55,Bee,Megachile centuncularis
99.72963451251589,0,0.4578948310423826,0,255,92.5645533253855,80.0,54.07594998993741,0,255,76.86732659722087,67.0,50.86139309163242,0,255,59.92730177653566,47.0,43.963559584285626,2778.288455329568,0.731007215692418,0.4578948310423826,294032.0,714.4656679183131,487.5297460557568,1.4654811807864594,37.71418463569076,0.3332001138496577,-1.389167654783173,56,Bee,Anthidium manicatum
106.45186705737011,0,0.42677589699074076,0,255,94.59632293741261,83.0,54.8550832070038,0,255,79.68334463324717,69.0,52.26630391162066,0,255,62.76728886817238,49.0,45.39312148954312,2792.5310960166876,0.7839642855280196,0.42677589699074076,289252.0,732.1137603144988,454.50056165223714,1.6108093632559215,41.30593416151194,0.3042267623151414,-1.3878044801892475,57,Bee,Anthidium manicatum
49.4064773081425,0,0.4747931118413046,3,255,74.82939508506617,68.0,49.49227729865104,1,255,60.47057527794688,54.0,43.824063296595405,0,255,52.16240668354106,39.0,43.68838297700684,3506.1778489984126,0.370480228887338,0.4747931118413046,346132.0,708.6882845606068,658.2582758803345,1.0766112793839602,49.234577187558614,0.2552346609271714,1.4183614554278672,58,Bee,Anthidium manicatum
24.758836806279895,0,0.41363581730769233,3,255,84.08003167269611,74.0,57.53349456179204,0,255,68.2764568713769,60.0,51.72035802733615,0,255,62.41357930523471,43.0,54.71550666708135,4036.8885271170675,0.41454440708721035,0.41363581730769233,437208.0,812.3409423674171,739.2538840473557,1.098865978112845,59.19187036121913,0.2122989278370955,-0.07551055866779839,59,Bee,Anthidium manicatum
76.40026177965623,0,0.5175375882837211,6,255,107.65947527052766,104.0,54.976860601758226,6,255,85.07537099441154,78.0,51.04521187023133,0,255,68.8714130230027,57.0,46.31843397196173,3257.925107043527,0.5551478672381289,0.5175375882837211,281328.0,607.2198040018922,505.0560878436751,1.2022819219829675,55.53967391791331,0.22625935170112907,0.1518605836626161,60,Bee,Anthidium manicatum (+Apis mellifera)
79.05694150420949,0,0.38020549834840767,4,211,75.80724840901736,70.0,49.46692969852889,3,193,52.755802551455666,47.0,34.12138298515471,3,240,69.63907247428442,58.0,46.39927561159466,5207.162697096764,0.7452148693297908,0.38020549834840767,707180.0,1160.226669472758,773.6674684766697,1.4996451534368027,66.46959569438435,0.18905441627984562,0.6152365398495638,61,Bee,Anthidium manicatum
102.17631819555841,0,0.38467710997442456,3,193,59.279951714910204,49.0,40.58584645452308,0,182,40.5533088999144,33.0,31.240178397912853,0,208,49.027884431590586,42.0,32.39865906228563,6094.619587240006,0.6156882394807456,0.38467710997442456,762468.0,1087.9206380951784,857.2704121836105,1.2690518914843492,77.17384276423734,0.16283199286510688,0.38019104455479036,62,Bee,Anthidium manicatum
135.95955280891445,0,0.49641691767068274,0,255,73.0190085830942,46.0,65.25463976448916,0,255,57.99138530382131,33.0,58.797617514820814,0,255,59.9767662339304,41.0,54.731540009823576,3285.4448763031714,0.9156622497246606,0.49641691767068274,392068.0,1058.320500600577,425.3904006333776,2.487880542261436,34.111630899223734,0.368389616183527,1.068781649377862,63,Bee,Anthidium manicatum
111.0,0,0.38119496582087825,1,187,67.26484174399792,69.0,44.36605732289278,0,185,50.05345592355841,41.0,35.2794171479545,0,196,55.19816431269373,49.0,35.77181740908694,6314.240907583565,0.6283246294266233,0.38119496582087825,1019704.0,1263.2642980416556,982.7580500364504,1.2854275759886182,63.11503002859234,0.1991026639560555,1.2907098738140073,64,Bee,Anthidium manicatum
151.4859729479928,0,0.5063502488938053,2,202,59.47885162858333,51.0,41.52924318853662,0,177,39.97087426694976,31.0,31.198525113432456,0,225,52.611186397864515,43.0,38.92540580006507,6263.956636336103,0.6894283294460467,0.5063502488938053,871864.0,1231.6440248305498,892.1461579939481,1.380540636525282,66.9681123007351,0.18764707832777353,0.594210046423364,65,Bee,Anthidium manicatum
80.05623023850174,0,0.3972908811618489,0,255,91.45933148573747,93.0,66.04640040410699,0,255,72.9335169663377,66.0,58.18152926965298,0,255,70.81611802081925,57.0,59.954408305061946,7062.599384704472,0.6890992378319251,0.3972908811618489,958269.0,1303.8097772240978,944.8279014174135,1.3799441943534334,84.29145273223602,0.14908238269754426,1.244621308390038,66,Bee,Anthidium manicatum
82.03657720797473,0,0.34836728738925143,0,255,110.33575888522968,99.0,59.10087198833934,0,255,89.91863375911366,85.0,54.383227652754954,0,255,88.1391178542194,74.0,55.414982527553725,5474.189175755456,0.8040592216046523,0.34836728738925143,725312.0,1290.9488292867038,767.5326120755016,1.6819465505131062,71.30729267470207,0.17622840726383915,-1.4028648044081369,67,Bee,Anthidium manicatum
51.478150704935004,0,0.4505161830357143,5,255,109.28607334922945,104.0,59.923689298199605,4,255,92.61858091020758,88.0,54.366568721531756,4,255,84.73291683440168,74.0,52.80507302480723,4357.6824663564075,0.5852714054420306,0.4505161830357143,530672.0,962.8737246105009,780.7340824520471,1.2332928025716627,49.00287079137394,0.25644151886242655,-1.3168149774546885,68,Bee,Anthidium manicatum
223.14345161801185,0,0.4671755322886656,0,232,63.17977607310057,52.0,46.06679906450284,1,253,61.18455167616147,56.0,41.134045869262714,0,255,54.62972154849869,48.0,44.47146614823877,4452.729147550634,0.7494272600633061,0.4671755322886656,596444.0,983.4922885812688,651.1571516097333,1.510376237364461,46.59690540321646,0.2696825144420803,0.22364903433762137,69,Bee,Xylocopa
168.5734261382855,0,0.6399298569192935,0,255,50.69719805233796,40.0,37.87117693518929,0,255,48.74256525868751,41.0,34.63127780344889,0,255,44.75581896787013,39.0,37.399605135251626,4017.2834046956846,0.8845223427100165,0.6399298569192935,476884.0,1055.8164429705578,492.5360793566861,2.143632694582672,44.04774707043722,0.28528974692540243,0.05384867602368686,70,Bee,Xylocopa
100.0,0,0.4661844484629295,6,255,99.34523492048099,93.0,50.06103383541019,4,255,73.5363047905353,66.0,45.85563568344358,0,255,54.45639182505818,44.0,42.749782532881866,2672.732106143464,0.8728631307473066,0.4661844484629295,234836.0,727.327761244999,354.9105757951745,2.0493268187780163,43.2960198749641,0.2902430904884555,1.248396681838745,71,Hover fly,Eristalis
160.17802595861892,0,0.40609393360752055,7,255,128.65015824573302,137.0,60.846879786319434,0,255,115.84637730304058,123.0,63.483965013848746,0,255,74.54777325647112,70.0,48.48574799265993,3169.5016587651644,0.9374555737007474,0.40609393360752055,257660.0,901.6714250492167,313.8762748363268,2.872696974371192,56.77484325147015,0.22133694951300062,0.06720354191320016,72,Hover fly,Eristalis
157.8923684032892,0,0.45763213143161824,5,255,135.72293625581418,142.0,56.91482763043282,0,255,118.43931877554364,125.0,61.89142409699763,0,255,91.79726654590802,87.0,60.60547157580654,4802.638743755012,0.5977363480585973,0.45763213143161824,616968.0,968.0123894687396,776.0485102046383,1.2473606697775657,52.48754995634648,0.23941621631816565,0.7701696527652484,73,Hover fly,Eristalis
137.17871555019022,0,0.47505973715651134,6,255,128.26827255580005,130.0,47.53618934992456,3,255,108.82296005580007,108.0,53.56727055160387,1,255,76.27223406554542,69.0,45.67928054050975,4196.5565286548535,0.7083250942309899,0.47505973715651134,551536.0,1024.7362809346077,723.3473688606166,1.416658613894905,43.25262962265127,0.2905342570842953,1.0785726944023757,74,Hover fly,Eristalis
28.460498941515414,0,0.5075959488272921,12,255,105.55332108164873,90.0,59.65607774506151,6,255,81.65403868031855,67.0,54.494725307105824,2,255,78.60267786820688,65.0,53.323136286219366,2654.773736703806,0.8947125942188918,0.5075959488272921,152134.0,613.4548024597843,273.99488424201445,2.2389279426032327,61.67693701839757,0.20374504996269122,1.0202467252758494,75,Bee,Macropis fulvipes ?
186.0,0,0.5470828789531079,5,255,110.83375068520456,111.0,61.554675023247064,0,255,90.53487068321124,96.0,58.38615622612765,0,255,64.45392933672198,60.0,49.203196265409794,3306.0641046056785,0.8697180892719815,0.5470828789531079,406887.0,981.0387437352645,484.1905217686736,2.0261419826056914,34.042395050836404,0.36913885158765947,0.3236743724095533,76,Hover fly,Eristalis
0.0,0,0.35505919003115266,0,255,84.87350331362124,74.0,56.43332910992632,0,255,68.95140997069507,57.0,53.60675619955159,0,255,67.02446756862676,52.0,53.4191565666186,3322.57272657703,0.6893154569751152,0.35505919003115266,294756.0,713.2166672516704,516.6978865290625,1.380335948425743,64.57314547407609,0.19460675985505682,1.2148376983768618,77,Bee,Macropis fulvipes ?
34.0,0,0.3283677732610659,0,255,84.15991308534143,72.0,60.52150962836234,1,255,73.16555909938876,55.0,57.559225680650094,0,255,44.343848058390144,30.0,40.83407674502841,6769.880517890354,0.5744038016515647,0.3283677732610659,891116.0,1183.866282978882,969.0799019650163,1.2216394959572894,98.50173706061538,0.1275751168390681,1.436132676970994,78,Wasp,Vespula germanica
4.242640687119285,0,0.4525629231241007,4,255,85.31110408902556,86.0,60.530344353891365,3,255,65.12718263792969,59.0,48.82967500486502,0,255,44.00724179719059,26.0,44.88349078717169,5233.7566722298525,0.8771811653159902,0.4525629231241007,476232.0,1100.954707897889,528.6339283024373,2.082641028042416,89.23473751045874,0.14082375277773784,1.3011082126099747,79,Wasp,Vespula germanica
35.22782990761707,0,0.46979443951493643,2,255,76.4423939560872,70.0,57.97136115149376,0,255,59.143382256499045,46.0,49.17503235619132,0,255,43.44553854830671,21.0,48.38407487797402,4731.423627747112,0.886160869867615,0.46979443951493643,448288.0,1050.1906153887753,486.63493442354206,2.158066634966949,73.40563450986215,0.17119081795649982,1.3416238077424478,80,Wasp,Vespula germanica
83.15046602394962,0,0.46687076861808047,3,255,88.07583835368129,87.0,60.10431053778659,2,255,68.71823585861279,58.0,52.77086648873588,0,255,48.515535533400865,25.0,49.50977707982406,5701.977884892163,0.9250312105847239,0.46687076861808047,589856.0,1250.6959347594893,475.12827349157806,2.6323332130258055,86.66778216079146,0.1449947177723466,1.494142060052336,81,Wasp,Vespula germanica
17.46424919657298,0,0.19660793381969777,0,255,112.94482970687385,116.0,56.71495982213772,0,255,96.30270307206811,96.0,53.95494139550035,0,243,75.13899782992223,65.0,50.73854161327515,12764.722722750696,0.9012379921011017,0.19660793381969777,2914384.0,2873.2536304491036,1245.0510578302426,2.3077396002187562,168.69677945208426,0.07449087442673116,-1.2504994299382728,82,Dragonfly,Aeshnidae
670.9135562797937,0,0.49742563030264436,1,255,93.76569486293361,66.0,78.5587675342281,0,242,83.5069122211484,54.0,72.62943819410299,0,234,61.49863658227139,40.0,53.19102758397679,12191.467888754756,0.8748605139282498,0.49742563030264436,5849035.0,3575.3565460772784,1731.8131075731992,2.064516390621069,33.036738324827354,0.3803756439513719,-1.4479190574212637,83,Butterfly,Papilio machaon
170.41713528867922,0,0.5263059049615654,3,255,100.18287096586808,95.0,69.51829678158431,1,243,84.79046579753201,69.0,65.67095152522523,0,255,82.13378505099458,66.0,66.8795716506481,2592.479364188578,0.7906738468949993,0.5263059049615654,281754.0,748.1013648317165,458.0157774300807,1.6333528269032598,27.887061955899913,0.45061651292744287,0.6108208436505346,84,Bumblebee,Bombus hortorum
307.59226258148954,0,0.495735937984108,4,233,77.70762706514397,75.0,52.79319289019303,0,174,22.571229711558495,13.0,25.339552234146407,0,159,22.7366929603606,13.0,25.44077765359091,8842.5394641809,0.4680595154266184,0.495735937984108,1738152.0,1465.9237835092604,1295.4323686058103,1.1316096610176098,61.70219643535526,0.20366164156773292,-1.4504673140238107,85,Bumblebee,Bombus hortorum x2
209.95475703112803,0,0.4860016074709124,2,255,91.79119826222774,86.0,66.16599037677628,1,255,73.792719141089,61.0,58.68186080433406,0,255,61.99315850609336,45.0,55.982204886129935,5197.6307345282985,0.8484695379047517,0.4860016074709124,757968.0,1271.0744980518168,672.7088298955019,1.8894868649921908,44.3226515013768,0.2835202811359068,0.9982460037715013,86,Bumblebee,Bombus hortorum
183.17477992343814,0,0.7554145549572379,0,255,67.63741073183516,44.0,64.11920735358866,0,255,52.78134868636572,27.0,59.016757562236094,0,255,37.9847687217454,18.0,54.78764322695573,3969.765727477093,0.8696207184356508,0.7554145549572379,692688.0,1305.7300923279827,644.6655473648901,2.0254379928712405,25.81248760245649,0.4868329937004318,-1.499220425110324,87,Bumblebee,Bombus hortorum
235.64592082189753,0,0.5830437944408533,5,249,90.54806037718417,88.0,57.640511447935644,0,210,39.04691608248931,31.0,34.50137443299979,0,176,39.15233555455466,25.0,36.03608649438299,6032.720271772143,0.5226180559348039,0.5830437944408533,1254740.0,1367.6229860182434,1165.9901285668543,1.1729284429699425,35.025343747907314,0.3587793657302788,1.4260125245482425,88,Bumblebee,Bombus hortorum x2
220.43593173527768,0,0.5305457495364427,0,200,81.51463298859942,91.0,54.26400797878663,0,184,70.09355283166288,69.0,51.06557496605097,0,193,65.46795738853557,51.0,50.652295073106345,4090.195092941116,0.5723881579151424,0.5305457495364427,591104.0,924.7948265989907,758.3158538115912,1.2195377716958062,35.137856947297685,0.35763053601154815,0.1652138688214268,89,Bumblebee,Bombus hortorum
126.03570922560003,0,0.6058200245700246,1,255,81.16849171546137,74.0,49.59129829258736,1,255,59.108829096009394,50.0,42.399479161627994,0,255,57.07836725727274,45.0,44.602700205003934,5398.767819518146,0.6326536632853459,0.6058200245700246,620856.0,944.8523242500578,731.7265713195285,1.291264197972472,61.567290159659485,0.2041079050543139,-1.4532512578653674,90,Bumblebee,Bombus pascuorum
317.52165280497013,0,0.5268852386039886,3,255,89.4987675260541,80.0,64.29633802438006,0,255,71.18484257706395,55.0,57.53409804531566,0,255,55.7479965697726,41.0,50.37184084880473,5100.892711199174,0.8572079664506457,0.5268852386039886,1091232.0,1572.2043486881596,809.6386861102677,1.9418592214775112,27.4788952842451,0.4573098912591309,0.8638306258467272,91,Bumblebee,Bombus hortorum
327.6049450176233,0,0.3911180683210784,2,230,81.0776030255927,84.0,53.409697245301096,2,215,68.28644480618827,66.0,48.60526503889549,0,255,71.70087634480986,62.0,57.075468764059096,5885.755626209327,0.5843282717810251,0.3911180683210784,1152076.0,1297.7354436370547,1053.134877352308,1.2322594869326693,42.40005788215211,0.2963762608364,0.09483302992142953,92,Bumblebee,Bombus hortorum
360.76030823803217,0,0.6227900256849315,1,236,75.54917430640879,68.0,51.240017745944904,0,218,56.114034428243706,45.0,44.06745153207635,0,255,42.42026171307792,30.0,40.30506630148734,4602.483548270684,0.6977392796976678,0.6227900256849315,1017570.0,1344.1754188557647,962.9024772513955,1.3959621567209097,22.750451953506733,0.5523569659205035,0.5421834963897295,93,Bumblebee,Bombus hortorum
300.10831378020833,0,0.3946909064807353,3,255,96.47354199388278,92.0,61.5298811440729,0,255,83.47353476068447,68.0,61.691174329014736,0,255,44.74754587914359,37.0,38.58219514611079,7475.621679281059,0.7568996767274196,0.3946909064807353,1550869.0,1477.752019015411,965.7568806970394,1.5301490970986784,57.746672203580395,0.21761203087266445,-1.331842682343006,94,Bumblebee,Bombus hortorum
276.81221071332817,0,0.5915127414602205,0,255,71.71341695446867,55.0,62.06717409062754,0,255,54.98213657670332,38.0,50.52922798857918,0,255,31.641768670614216,21.0,31.17620335523289,4559.973880278806,0.8694924819432427,0.5915127414602205,810692.0,1381.0132374810762,682.1462063439161,2.024512083535379,29.971808552800304,0.41927301758322094,-0.9307053404498205,95,Bumblebee,Bombus hortorum
304.1792234851026,0,0.6304126381215469,2,255,105.84271684901931,107.0,64.73697664056229,2,255,87.9574906084964,90.0,56.502852667666865,0,255,64.019556693643,53.0,50.846824559479096,5024.777920785913,0.7785007753741521,0.6304126381215469,973684.0,1386.4571248352872,870.2010008534562,1.5932607793779932,28.811710227287627,0.43615497015715293,1.5168401598584624,96,Bumblebee,Bombus hortorum
323.0,0,0.6567683313695278,3,255,100.59977207645466,93.0,71.1289928934385,0,255,81.1874935310252,66.0,66.11335605476242,0,255,70.2089996377374,49.0,65.63988891007811,4879.60634791066,0.8490991118504082,0.6567683313695278,1052852.0,1525.8941891996715,806.0285260192841,1.8931019684074615,25.671650052797624,0.48950381407173027,-1.5557194153425618,97,Bumblebee,Bombus hortorum
218.44907873461037,0,0.5504409722222222,0,174,53.36859809370013,29.0,50.0597273037601,0,170,49.71052722880014,21.0,51.0711290980852,0,196,40.645426331161254,14.0,45.36482638558493,6291.856131272714,0.7651724010572547,0.5504409722222222,875584.0,1245.5502831210713,801.9169585589892,1.5532160404230289,62.43014372415117,0.20128690829039142,1.162017566234358,98,Bumblebee,Bombus hortorum
317.57361351346555,0,0.6749610187110187,0,255,60.03841173585615,53.0,44.533548857686455,0,255,44.70160288583621,31.0,37.34834650680289,0,255,34.32901787146662,21.0,32.72125957511559,5084.091629284898,0.7684677670809532,0.6749610187110187,1020499.0,1385.1702663763717,886.3545224001002,1.5627722670445248,29.619226030009724,0.4242639764329806,-0.049428192361349536,99,Bumblebee,Bombus hortorum
231.4584195919431,0,0.5666517590936195,1,255,57.150882310383835,35.0,51.68615609291158,1,255,48.67015962484544,27.0,46.36411961900147,0,255,43.055350753729186,22.0,44.3313830106659,4865.454111019161,0.6040617358653694,0.5666517590936195,766868.0,1039.6800654971946,828.5600585219684,1.2548035049527175,38.92400177980265,0.32284374781011754,-0.8866246182422152,100,Bumblebee,Bombus hortorum
282.46238687655386,0,0.5529207282110091,0,255,79.70279900445274,75.0,58.749182583365155,0,255,64.67220342608256,53.0,52.89373196272036,0,255,56.632629450310134,40.0,51.07557512996772,5074.282538143907,0.7056559748746194,0.5529207282110091,812880.0,1120.0855321438505,793.6417751182374,1.4113238078690846,41.721504852826506,0.30119648509053815,0.022466183063947452,101,Bumblebee,Bombus hortorum
175.54771431152272,0,0.496094525511217,0,255,68.93065812099421,52.0,60.17033040059961,0,255,56.02605127403471,38.0,52.410673627679216,0,255,50.024087853681415,30.0,52.49578259827528,5003.50584284727,0.7900666033300172,0.496094525511217,829344.0,1226.547225171625,751.89922239004,1.6312654524004366,39.135642831650415,0.3210978459818805,0.6470641553059066,102,Bumblebee,Bombus hortorum
292.15920317525513,0,0.5025848765432098,0,255,81.31879203547662,83.0,59.19534254199195,1,255,66.790238912082,59.0,52.096450959956506,0,255,58.255952134915056,45.0,50.06910933359936,4789.297690045557,0.7219470706784438,0.5025848765432098,863400.0,1191.056082504939,824.1492119277797,1.4451947114272208,33.860698141545825,0.37111965505934746,1.2844258654098457,103,Bumblebee,Bombus hortorum
156.42570121306792,0,0.44159521447467875,2,250,76.42868389909269,57.0,62.1324429509921,1,240,70.00845463115877,44.0,62.867982007312726,0,249,60.49168744943602,40.0,56.42238608004767,5208.726188957804,0.806542075397353,0.44159521447467875,833655.0,1271.0754158662085,751.4301590426811,1.6915416563603904,45.35016767438285,0.2770964531947606,-0.987545680445326,104,Bumblebee,Bombus hortorum
261.8854711510358,0,0.7346577294885566,3,255,80.15438618071909,66.0,61.540598009130775,0,255,61.102969809861875,42.0,57.11019665722768,0,255,53.9687800934875,31.0,57.55921620406462,3479.390006413483,0.7950503968592801,0.7346577294885566,615600.0,1120.4414184176578,679.596320061074,1.648686706127199,21.273951458071238,0.5906928310486274,-0.11371883350144969,105,Bumblebee,Bombus hortorum
269.58486604407153,0,0.5051783198873095,0,255,68.10974772519633,65.0,45.03107665558895,0,255,51.90527416467308,48.0,37.106123036398074,0,255,40.52337119831852,36.0,30.689199803655633,5767.679507763578,0.550504307050887,0.5051783198873095,1030884.0,1181.9039526346508,986.6916226189511,1.1978453303348744,43.91985364189851,0.2861205029693257,1.5035787484795626,106,Bumblebee,Bombus hortorum
249.77790134437433,0,0.6726313826259946,6,255,108.29329181878398,110.0,59.5003464282658,0,255,83.63727914105704,83.0,52.28753962568955,0,255,64.08316581172882,59.0,39.567561792791636,4165.131167804187,0.4537804102849603,0.6726313826259946,665664.0,913.085464707958,813.662819789804,1.1221914563379438,33.404804683314595,0.3761845259534166,-0.7980694936802141,107,Bumblebee,Bombus hortorum
218.3437656540713,0,0.5838610009154714,1,255,71.41703143544682,70.0,45.57685407761529,0,255,54.89458726684742,47.0,39.86674625630141,0,255,52.619431831792596,41.0,43.66181756538147,3172.531096016687,0.6748174787911448,0.5838610009154714,442396.0,824.2869007307957,608.3110948367295,1.3550417010757203,27.398364407258466,0.4586540432694606,-1.120449154894638,108,Bumblebee,Bombus hortorum
269.40861159213154,0,0.290546392975795,3,220,81.8713922551532,81.0,50.862524895456765,0,209,65.75769915976682,56.0,48.814020867541814,0,255,46.88347634993721,43.0,35.73944444556945,7263.11514935076,0.396348136957206,0.290546392975795,1440260.0,1316.8009304428854,1208.9553245973418,1.0892056171566662,67.32182267395342,0.186661176350192,-0.1284302564194295,109,Bumblebee,Bombus hortorum
234.0683660813652,0,0.5058737550826835,3,245,73.23347280495489,74.0,45.70299874990875,2,227,64.10663047320455,68.0,40.82381741221567,0,233,37.59503857562205,32.0,29.485109642262813,4459.322076663197,0.5300986558059557,0.5058737550826835,644112.0,927.0724497190353,786.0980801342118,1.1793343262723077,38.202071294618946,0.3289447453633029,0.657897694401294,110,Bumblebee,Bombus hortorum
226.3647499059869,0,0.47960526315789476,2,255,76.99385982102031,68.0,55.97442536570244,1,255,64.80804447979466,49.0,52.977263667838876,0,255,57.72666789623943,40.0,51.09271027441597,4467.471354961865,0.7397380702923114,0.47960526315789476,647877.0,1045.0134441204095,703.184248750165,1.486116115339343,38.34403504936503,0.3277268706379212,1.214545788764413,111,Bumblebee,Bombus hortorum
376.0,0,0.6154157417684055,0,255,73.91542804005185,63.0,59.90428842940012,0,255,57.91564783678683,47.0,51.99952187417639,0,255,57.842309932182374,45.0,54.86500518137295,4886.418577113229,0.6262622006677134,0.6154157417684055,1180092.0,1370.6264771541912,1068.5575395703204,1.2826885089457478,22.42780194882425,0.560303263022971,0.39014633640858626,112,Bumblebee,Bombus hortorum
358.8927416373867,0,0.6301937441643324,0,255,56.54241422816928,28.0,58.17161216692459,0,255,46.62733239188814,17.0,53.533163470563885,0,255,40.955591952958606,15.0,50.84805030270703,4225.547473407613,0.7199886402217662,0.6301937441643324,781466.0,1154.6799801274567,801.3315657824583,1.440951572898507,25.83464245824478,0.48641550331766964,-0.15167786616177795,113,Bumblebee,Bombus hortorum
175.0114281982751,0,0.5347633705271259,1,255,59.9264219160341,40.0,50.24056610247846,0,255,48.01742094470627,29.0,43.60346811548293,0,255,41.47479719034428,23.0,41.18359986525607,4499.498700172334,0.802402445856241,0.5347633705271259,579716.0,1019.9632318554652,608.6970299868017,1.6756500879880767,45.52084881653713,0.27605747566363426,-0.7553190478557229,114,Bumblebee,Bombus hortorum
171.35343591536179,0,0.7065133109330577,0,255,48.25757385220413,27.0,46.34631385495757,0,255,35.063826138650086,19.0,35.56704647731119,0,255,28.610703996707517,15.0,36.44290499427943,2799.526045382804,0.782050494802433,0.7065133109330577,373383.0,869.9420190393088,542.1609763642256,1.604582507714238,22.399585235208644,0.5610090759451565,-1.346790873862969,115,Bumblebee,Bombus hortorum
300.30817504690077,0,0.6273300438596491,0,255,44.072200246081664,29.0,41.98977782090206,0,255,34.127051159688605,18.0,36.92559199896569,0,255,23.378694099789566,14.0,29.635938111769455,4402.753534168273,0.8123390795325768,0.6273300438596491,786712.0,1261.695302999221,735.8022897917124,1.7147205445043885,27.862767330116284,0.4510094229145876,0.4917622277587427,116,Bumblebee,Bombus hortorum
351.0270644836378,0,0.5195772238514174,0,255,79.33237697014737,75.0,55.04209463970868,0,255,63.969751094722284,57.0,49.201628088260875,0,255,44.20790551758846,35.0,37.77769459133865,5053.412480458818,0.5898027557806891,0.5195772238514174,1018204.0,1214.1273521341009,980.4653158415538,1.2383174932526706,30.0278180546361,0.4184909669924887,-0.48355527636110346,117,Bumblebee,Bombus hortorum
238.8723508487326,0,0.5596160778658976,0,255,51.736603188662535,30.0,50.030491788653094,0,244,43.72872882948171,19.0,45.573749576652745,0,255,43.70528468923066,19.0,46.87815091744344,6125.591196009009,0.7033599251297803,0.5596160778658976,1176171.0,1359.718342905469,966.5338756911286,1.4067984341813062,41.96400173191512,0.2994559645345263,-1.3942808244273475,118,Bumblebee,Bombus hortorum
104.0,0,0.44227262366081604,6,255,98.86679658978655,95.0,59.26082927106367,4,255,85.03650732293949,76.0,59.95046411253332,0,255,76.41388029893055,62.0,58.26662468343941,4236.459161653044,0.49409630697632606,0.44227262366081604,538064.0,901.4505918543085,783.7276142759011,1.150209046400864,48.17781811931993,0.2608331199897136,0.5311015192988919,119,Bumblebee,Bombus hortorum
157.4102919125684,0,0.4436519286071518,4,255,92.22217476246882,73.0,69.92364412015293,0,255,68.9740796355091,52.0,54.79252253112744,0,255,50.77703994985902,40.0,42.839621565280495,9243.127522128329,0.5100390715875335,0.4436519286071518,1022589.0,1078.0641299387817,927.2981917621531,1.1625862527458688,125.40443253105728,0.10020674995875463,0.9857599091200786,120,Bumblebee,Bombus hortorum
180.71247881648904,0,0.5013105936819172,1,255,52.270211297094804,42.0,40.983325918618725,0,255,40.38513111284646,30.0,33.45577913416639,0,255,38.695331545173666,25.0,37.68652622821997,5951.253100892385,0.7289936073238237,0.5013105936819172,600813.0,982.0214437873506,672.213813700798,1.4608766195698082,80.16707629303463,0.15675226284198432,-1.1118541304174465,121,Bumblebee,Bombus hortorum
262.5147614897113,0,0.245617470061326,0,255,84.63434556292631,75.0,56.69738803879589,0,255,63.47990772127771,51.0,48.4142188400405,0,255,50.804204149777824,36.0,43.036213224761056,8751.504289212466,0.6004458832999761,0.245617470061326,1360596.0,1256.8269562640119,1005.0410222802689,1.2505230417485678,117.63513860101922,0.10682497393045358,1.0111138608668697,122,Bumblebee,Bombus hortorum
220.16584657934573,0,0.41128741864035984,2,255,113.04551993381321,115.0,76.31902913310564,0,255,90.64953216350118,78.0,71.51149488510657,0,255,83.8967689891235,62.0,74.75844585622225,6987.514211011483,0.6802740677354208,0.41128741864035984,1070745.0,1234.2619539430088,904.6619736927713,1.3643349558563094,67.21283821142524,0.18696384424104065,0.618282963017349,123,Bumblebee,Bombus hortorum
276.0235497199469,0,0.5192948350984321,0,255,71.88665306544281,73.0,51.874154995785375,0,255,66.42482261630896,69.0,49.83650600148139,0,255,54.12088629963777,47.0,49.178215871287854,7545.827052958691,0.5613703782106576,0.5192948350984321,1293036.0,1275.2789205337285,1055.3757909224544,1.208364765899232,72.64980920412839,0.1729718323010417,1.084503194153365,124,Bumblebee,Bombus hortorum
228.47319317591726,0,0.3826047560475605,0,255,65.16607852991889,52.0,54.534697858504394,0,255,54.26297588978678,45.0,47.56385767636129,0,255,38.30680913399766,23.0,47.53078171559868,8497.515436500758,0.5948677608544733,0.3826047560475605,1419228.0,1400.7138731360742,1125.9268394778614,1.2440540752946638,77.37875891562301,0.16240077755785748,0.5289949195688574,125,Bumblebee,Bombus hortorum
290.9295447354909,0,0.5407218405411488,0,255,78.70723601667166,58.0,67.6622433210776,0,255,60.93383152478819,37.0,59.0914272771551,0,255,54.3738629014654,27.0,61.00885449992696,7214.998625833944,0.8656048089498128,0.5407218405411488,1421226.0,1669.4672975445576,835.9486621160279,1.9970930910023266,53.09982921416082,0.23665557498644335,0.10404783032702901,126,Bumblebee,Bombus hortorum
297.22886804615734,0,0.5642433277792394,0,255,87.26003512552973,87.0,52.73402151694145,0,255,73.98492140792241,71.0,50.6352822789704,0,255,56.55249142584783,50.0,42.21195395713009,6510.773229089528,0.5896578251436847,0.5642433277792394,1045898.0,1179.9219981185631,952.9677466881932,1.2381552284629715,54.90328568845634,0.22888194134074033,-1.037342156774142,127,Bumblebee,Bombus hortorum
235.93431289238112,0,0.5767650994534032,0,255,56.28077203634269,38.0,53.23922486355045,0,255,46.39157653415336,22.0,48.54699099801175,0,255,45.914549265340554,18.0,52.06920402493825,8899.582499699267,0.5670431765277555,0.5767650994534032,1459835.0,1371.0491636042136,1129.3168388558493,1.2140518200306585,77.86286029472245,0.16139107357209329,-0.14514060777544266,128,Bumblebee,Bombus hortorum
230.31283073246266,0,0.33646562216899073,1,255,86.14188040541191,91.0,50.602530097437175,0,255,66.32029908970902,63.0,45.5462157837959,0,255,53.573995383160515,51.0,38.58742665585436,7102.958907845906,0.5251751519049485,0.33646562216899073,1152777.0,1258.6383300215887,1071.0938680067416,1.1750961961567936,69.44809255503317,0.18094623123595696,0.5156956749156093,129,Bumblebee,Bombus hortorum
139.31618714277246,0,0.43896430202962866,3,255,75.02804724441967,61.0,56.05831992748551,0,255,56.8750831113589,42.0,45.47369334330291,0,255,49.09832744842966,31.0,46.40285332390269,6144.683691845685,0.4996216087192112,0.43896430202962866,820152.0,932.3791705159844,807.6676364555123,1.1544094729457957,77.96390111882202,0.16118191155169637,0.13546299827577557,130,Bumblebee,Bombus hortorum
283.3513719747974,0,0.6057168784029038,0,255,65.0551368869721,30.0,69.45838866925253,0,255,55.87843352375187,19.0,65.70744534650939,0,255,53.47284833352249,15.0,65.23681776870235,6588.685783886736,0.3987569132413922,0.6057168784029038,1094826.0,1115.42133451004,1022.904567466552,1.0904451597793,54.7431624090987,0.2295514190512047,-0.8399669271940773,131,Bumblebee,Bombus hortorum
167.50522379914005,0,0.5105625931445603,1,255,60.98309569466573,49.0,52.011325306487876,0,255,48.52503212885597,31.0,46.832681501045364,0,255,48.807368758184246,26.0,49.963818646861,6980.921281898919,0.5875208101759597,0.5105625931445603,1103685.0,1184.3405897890295,958.3791315953596,1.2357746018713123,65.85673833539315,0.19081374103833612,-0.12293261819254031,132,Bumblebee,Bombus hortorum
242.46443038103547,0,0.4076034837837413,0,255,88.99522060123358,82.0,59.666854761424645,0,255,81.79942488651473,68.0,59.88018092776167,0,255,69.12943588952422,51.0,59.815332334510344,8955.117420860563,0.6554117430996463,0.4076034837837413,1582320.0,1415.9380300206867,1069.4180225641198,1.3240267137313841,85.9178920734409,0.14626022951794126,-1.2693634251205406,133,Bumblebee,Bombus hortorum
179.3599732381782,0,0.4782858928189696,0,255,68.1893866464966,43.0,64.73275376019184,0,255,55.55770387815444,28.0,58.853370282044494,0,255,52.63846545588943,23.0,59.837389335277486,7121.911360099903,0.7851023133710872,0.4782858928189696,1296198.0,1527.1893719697164,945.889315058077,1.6145539944871328,54.4953128450114,0.2305954394664884,-1.0877569363364856,134,Bumblebee,Bombus hortorum
191.5097908724251,0,0.4255481896991331,1,255,99.67920744291325,99.0,70.1937183329122,0,255,84.23375607482858,79.0,65.87671119161732,0,255,71.149415817855,47.0,65.60661649898657,6250.668539944033,0.8177397255699503,0.4255481896991331,799611.0,1143.8666652901377,658.3961203805778,1.7373532891246983,81.28382180831434,0.15459866840407085,1.3503964249850806,135,Bumblebee,Bombus hortorum
345.45332535669706,0,0.5618445294784581,1,255,59.077856604831226,47.0,48.69757788791372,0,255,44.63228288985817,30.0,43.03443691857957,0,255,44.946043757773225,28.0,45.08026509670401,4729.801440851775,0.7332031806835176,0.5618445294784581,992983.0,1311.4870451636696,891.8238193121011,1.4705674111454785,26.125062530154004,0.481008250213941,-1.3512054784920855,136,Bumblebee,Bombus hortorum
218.50629281556172,0,0.5159414752953396,0,255,90.19999421497165,87.0,61.4800690565883,0,255,71.03828724594084,61.0,55.605257468316836,0,255,59.80392610590459,47.0,49.79178136779613,5671.853172679885,0.4800171135853833,0.5159414752953396,662970.0,911.627797462273,799.7338030282264,1.1399140489127197,62.0346299750065,0.2025702518000367,0.34587052751702224,137,Bumblebee,Bombus hortorum
237.0759372015642,0,0.5054621848739496,0,255,54.9128830345788,41.0,48.7291049441437,0,255,40.485532607228365,24.0,41.509618208895525,0,255,31.124634283237775,18.0,37.48206589845655,5393.28463018496,0.7867587629065678,0.5054621848739496,917634.0,1275.2480809438055,787.1603962919353,1.6200612822381533,41.3318826895572,0.3040357660149403,-0.09277823564500781,138,Bumblebee,Bombus hortorum
214.15881957089695,0,0.40732606725735,7,255,105.6927600714775,92.0,51.09277092240722,4,226,93.3037930791797,86.0,44.67399119695223,0,255,81.02708729214623,66.0,54.12170316462339,5458.237948990734,0.7784269226799508,0.40732606725735,891261.0,1261.2799722257778,791.7498805560983,1.5930283075507348,51.14032952395127,0.24572330157696357,-0.4544043952448376,139,Bumblebee,Bombus pascuorum
258.00193797721755,0,0.5271737815207396,16,246,135.48870628695155,140.0,45.13782409308563,10,231,118.74709504163056,120.0,39.98686519375131,6,255,98.21545370906998,98.0,44.70080842469449,4710.65425459416,0.6175088235122725,0.5271737815207396,687456.0,1009.4650580345995,794.008826928619,1.271352438157907,42.44397806926389,0.2960695765569438,-1.2186023039509561,140,Bumblebee,Bombus pascuorum
154.9322432549145,0,0.46084825186387685,6,255,125.05788004868015,122.0,62.465725097065274,1,254,113.74758077174758,114.0,52.06538199352087,0,255,91.94302913674271,90.0,51.1614456420964,6278.154687870049,0.4871769614881965,0.46084825186387685,728466.0,931.0643874054507,813.1015777279044,1.1450775805984492,80.3492134013619,0.1563969338640243,1.047551335452846,141,Bumblebee,Bombus pascuorum
176.58992043715293,0,0.40094695744084213,15,255,121.80815960546963,115.0,45.28569208774478,0,222,98.07513337816633,95.0,38.088761432847555,0,255,95.05364716431293,91.0,46.5350095654531,5222.956815804851,0.693417345394693,0.40094695744084213,734487.0,1019.7767243337981,734.7860242840236,1.3878553628282055,61.150589329213965,0.2054987654608872,-0.9853695812043689,142,Bumblebee,Bombus pascuorum
104.89041900955492,0,0.5599688473520249,3,255,129.0591220750067,123.0,62.12159286752092,0,255,93.23357001683625,96.0,48.1089226899501,0,255,85.38861479149891,66.0,59.44869963125927,2754.176802977887,0.6665862472341887,0.5599688473520249,262234.0,638.4457599507888,475.91529105418755,1.341511340256759,37.017738389388256,0.33946889143183123,-1.4989337827868214,143,Bumblebee,Bombus pascuorum
158.91192529196795,0,0.5852354617060499,3,255,125.83404923493981,114.0,56.0829894307748,0,255,87.34908794135335,81.0,44.56803437297035,0,255,74.39354065843857,52.0,58.39094748497573,3274.071247280615,0.6687247388963758,0.5852354617060499,268038.0,643.157759292793,478.194270371835,1.3449716969479486,51.160918130779194,0.24562441553993636,-0.04953193894197142,144,Bumblebee,Bombus pascuorum
166.5172663719892,0,0.6211750983918471,1,255,117.03299049097613,109.0,52.966848596655204,0,255,83.19224172746392,77.0,45.23620911124008,0,255,66.36405452609606,50.0,51.8316600686599,2322.3544725075503,0.6210998826230856,0.6211750983918471,220551.0,572.6529655354312,448.80612079060546,1.2759473166869033,28.287538070060588,0.444236984612647,-0.5912408792132079,145,Bumblebee,Bombus pascuorum
218.82641522448793,0,0.6105305284992785,7,255,116.16701904049683,105.0,57.26391698462471,0,234,96.80323537648604,95.0,49.90774445280126,0,247,63.80490645936622,55.0,42.55297867015071,4998.483727739434,0.4995290380906482,0.6105305284992785,813456.0,1034.9693749646328,896.5910127045632,1.154338332973751,38.44543064463777,0.32686252705851493,1.442123781268788,146,Bumblebee,Bombus pascuorum
227.75864418282788,0,0.5618651351773715,13,255,157.32570393290763,153.0,59.17786279284479,5,255,117.2593223547227,112.0,50.14403697910251,0,255,97.42691227541556,84.0,60.65703037710227,3876.2358569496814,0.810741014486385,0.5618651351773715,582218.0,1101.8106580054914,645.0054620429793,1.7082191126190391,29.021088857796535,0.4330082401778391,-0.8113418742931374,147,Bumblebee,Bombus pascuorum
318.76009787926716,0,0.684044472937517,5,255,115.87385542360354,117.0,50.11706451468267,0,194,65.67562657919362,60.0,40.359122872638395,0,194,42.76275395458286,33.0,29.99371559975711,4171.741340859453,0.6869145327680227,0.684044472937517,776784.0,1139.0236385279006,827.7719992695672,1.376011316561788,25.17081081066718,0.49924377521576097,-0.2336473097081936,148,Bumblebee,Bombus pascuorum
180.27756377319946,0,0.37079650327513575,12,255,137.95481858479724,128.0,55.84600075443159,6,255,119.96752038526787,120.0,51.82337606059636,5,255,99.59935150221638,83.0,54.25471583615726,4337.0277041479685,0.6649712356965835,0.37079650327513575,575385.0,884.6279649927617,660.7011754763453,1.3389229470569235,51.468859263796304,0.2441548305928451,1.3372727378625604,149,Bumblebee,Bombus pascuorum
187.48066566982314,0,0.47048248829733236,0,255,94.96780146944973,90.0,48.1940332225526,3,254,75.7620810045402,69.0,46.18582690655675,0,255,81.74230436889081,69.0,62.425271889919486,5428.238995011261,0.6435531542812704,0.47048248829733236,591090.0,898.589145582001,687.7814103006409,1.3065039736814237,73.5868123803409,0.1707693295560706,-0.8365444261837683,150,Bumblebee,Bombus pascuorum
204.47493733951845,0,0.7043097014925374,4,255,109.59902460273311,97.0,60.97844222218237,0,255,79.17290196874843,64.0,54.537400845760104,0,255,73.09809306008083,53.0,59.06373978133634,2879.3799051457163,0.7470547676836601,0.7043097014925374,386319.0,820.9406415890677,545.7305487313065,1.5042966597665444,24.402086885577585,0.5149711446108447,0.38110479607185677,151,Bumblebee,Bombus pascuorum
209.28927349484493,0,0.49756884042598326,13,255,120.14220075266617,120.0,55.85280406157719,0,255,91.61228312527003,90.0,49.7397340953076,0,255,83.14025086977284,75.0,49.089152147852374,5699.0116856945415,0.7131263252254862,0.49756884042598326,1021323.0,1251.2036196866432,877.1382193904526,1.4264611802643132,46.15869402426686,0.2722427676951322,-0.21657781186631933,152,Bumblebee,Bombus pascuorum
147.0,0,0.4509918418469246,1,255,136.1475233466564,142.0,57.02070916252657,0,255,109.0379688878047,113.0,51.97677896705019,0,255,94.96718770524103,92.0,49.828115538112634,6743.2768004269965,0.7733576006230771,0.4509918418469246,1160894.0,1529.4770139724787,969.6426157186326,1.577361585782753,56.884879882377824,0.22090880107935443,-0.4748659627866235,153,Bumblebee,Bombus pascuorum
137.41906709041507,0,0.4275147528558281,13,255,167.42652187907282,195.0,69.89839813034867,2,255,162.11003646072425,182.0,73.43644799634636,9,255,165.43121797814467,198.0,76.83178541206327,2822.7869760331523,0.8859213595515766,0.4275147528558281,267687.0,798.0595415952921,370.1683238199923,2.155936881253452,42.0439444702768,0.29888657624032017,-0.37139314395894363,155,Butterfly,Pieris rapae
166.02710622064097,0,0.5311374377681419,3,205,81.81652542716064,81.0,47.470651777928104,3,182,68.39214008223298,62.0,43.55084321842397,0,157,56.903931038765045,45.0,38.911623267216505,3611.2470042379746,0.7789193079092408,0.5311374377681419,472930.0,954.4401188448824,598.552457580585,1.594580569767994,35.207121077985654,0.35692695766075244,-0.4211315469918931,156,Bumblebee,Bombus pascuorum
253.49161721840034,0,0.4475416646929721,10,255,112.33582539610788,122.0,57.544007292611106,0,251,75.77551479416502,77.0,45.015250931473545,0,255,106.80425638882794,111.0,64.2242621386703,6590.012731715067,0.572999725198647,0.4475416646929721,1282761.0,1370.6557009416474,1123.3284997123267,1.2201735300872887,47.880535123715624,0.2624525933532214,1.3232256548131582,157,Bee,Megachile centuncularis
181.60396471443016,0,0.3920752164502164,2,212,80.91494549528102,76.0,43.57216240457162,0,191,57.68113301727727,51.0,35.75178268175695,0,230,69.70647960932342,54.0,49.25092875093723,5057.077702872522,0.760467685636239,0.3920752164502164,738350.0,1074.9492025020086,698.045973071212,1.5399404107619519,58.82699241348236,0.2136157246665415,-0.7062970739577981,158,Bee,Megachile centuncularis
194.0,0,0.45858931487674004,5,219,79.10277353833399,81.0,39.786265146535015,0,187,57.24623066342585,53.0,33.86661800995795,0,236,71.92585118610216,66.0,47.75084842175193,5936.245091665671,0.7422800581096353,0.45858931487674004,812361.0,1154.3487159713893,773.5172789135103,1.4923373367855448,66.39723736801155,0.18926044384511279,-0.1635449551370431,159,Bee,Megachile centuncularis
258.7682360723588,0,0.4879967876886299,7,255,104.82424838527375,110.0,59.93297170488015,0,255,73.118474917685,69.0,48.018417454264075,5,255,104.92131948935996,98.0,63.6514987961191,5923.056274847713,0.5965731092471879,0.4879967876886299,1088577.0,1256.1934290201273,1008.1690110301677,1.2460147210203607,44.75511607660477,0.2807806507048275,1.2556762269075974,160,Bee,Megachile centuncularis
211.5490486861144,0,0.5146916971916972,13,245,120.70241914917592,123.0,46.47936707293691,0,219,66.45348816520672,63.0,32.47926382437013,10,255,102.70735747935608,91.0,57.81061897308479,5186.8958492607535,0.6662209854157093,0.5146916971916972,717412.0,1002.3424474335905,747.5012726529321,1.340924068097182,53.18666324873811,0.23626920447312172,-0.6665737243140194,161,Bee,Apis mellifera
173.69225659193907,0,0.44275507126159414,6,251,135.89336446365252,145.0,49.042494295565994,0,223,84.17115288629627,84.0,37.18886127854578,5,255,119.99821402804095,118.0,53.07960992751103,4441.811542119542,0.7246487849244658,0.44275507126159414,621180.0,981.4044873332529,676.3038681954073,1.4511294899908684,46.671089669290936,0.2692538507972251,0.6529826171392843,162,Bee,Apis mellifera
267.52943763257156,0,0.5309698879551821,12,241,123.74672990961032,126.0,41.199543950130504,7,205,84.946438188187,83.0,31.524629747081452,10,255,101.22980519980091,99.0,43.76210498871764,5183.891844647397,0.643158943921974,0.5309698879551821,879186.0,1104.64708921062,845.8644017776918,1.3059387378036755,42.192424124956304,0.29783476240054,1.5685915094032297,163,Bee,Apis mellifera
259.6247291765559,0,0.4215346878326468,8,237,101.31007198720553,106.0,47.749852452479914,0,222,86.93733904741688,91.0,43.82132045859385,5,255,100.83108319944762,95.0,47.84194112982383,7057.388452778678,0.5171060646039266,0.4215346878326468,1275972.0,1304.7077678946532,1116.727203995125,1.1683316778054857,60.75999723495669,0.20681980227493224,1.3671033679863767,164,Bee,Megachile centuncularis
73.824115301167,0,0.4167002688172043,8,255,125.35642958901164,119.0,44.098509096609845,3,235,111.12306467220385,107.0,42.93109882120176,0,236,94.13716299760772,97.0,36.02704334672449,4170.431816442575,0.5819816738985687,0.4167002688172043,462927.0,820.618308538453,667.3283682244979,1.229706914336341,58.437832754067266,0.2150382726759242,-1.15589781031263,165,Bee,Anthidium
138.70832707519762,0,0.3235461517948473,12,255,120.91601365481608,108.0,54.05142532424145,7,253,108.23072948702178,99.0,54.096491025015666,1,255,96.46839402140485,92.0,48.03672719396265,5043.947760557612,0.49058620188133806,0.3235461517948473,609076.0,935.1216674901672,814.8581629571856,1.1475882675047835,78.24273899383118,0.16060749886772152,-1.5244689501922761,166,Bee,Anthidium
137.87675656179326,0,0.2965278750252843,6,249,109.22449108096266,102.0,52.84971977507315,3,241,95.9413565752156,85.0,47.96180656317112,6,247,95.96667987228159,89.0,42.49252220932117,5243.482681718907,0.5333840784963793,0.2965278750252843,740098.0,984.021399380188,832.3573033968075,1.1822103264600996,72.13443132376958,0.17420766177466668,0.6020952893262107,167,Bee,Anthidium
231.22499864850255,0,0.5460301893228723,10,255,154.22360400695882,151.0,52.59988447095705,0,255,123.15572735673473,116.0,48.499472652515884,0,255,92.55566618510275,76.0,56.79161351519808,4497.199456491971,0.7168756799176231,0.5460301893228723,602527.0,971.7963868208167,677.5374302097513,1.4343065688931298,43.87178024952751,0.2864340253093447,0.14654162239763385,168,Bumblebee,Bombus pascuorum
145.12063946937388,0,0.4836195276328899,5,255,142.42154932137663,133.0,56.91241123284534,0,255,113.20177263424355,104.0,51.690273944252326,0,255,84.43932783971563,71.0,49.36585282786132,6401.739787224648,0.6318060785719356,0.4836195276328899,874351.0,1099.0319948502834,851.888815103875,1.290112013873868,68.97700271876025,0.18218203341765954,-0.1326465343760175,169,Bumblebee,Bombus pascuorum
117.18361660232202,0,0.4612978301653039,9,255,118.26646971746102,119.0,49.58817445668808,5,255,90.71061895124548,83.0,51.90290615553358,0,255,63.85874329781214,54.0,45.55377570972322,5066.536685056819,0.788461443349652,0.4612978301653039,447594.0,886.1169071840154,545.0364940232513,1.6257937163859226,82.07216775540743,0.15311366761762205,-0.8632249169767404,170,Hover fly,Eristalis
277.34635386101615,0,0.6264407916642184,0,255,68.52016523790076,59.0,52.37043357591843,0,255,46.79159232980359,35.0,42.66623051586009,0,255,36.2142933910702,21.0,43.27647526951337,4768.513164990956,0.7428272403482659,0.6264407916642184,633146.0,1033.9067703834428,692.1831636530859,1.4936895675515516,44.43351461697297,0.28281288848483294,1.366546171927516,171,Bumblebee,Bombus hortorum
256.3201123595259,0,0.49868392780403953,17,255,156.86754077824256,148.0,55.371278033724366,0,255,123.72046582048198,115.0,46.79927669307374,0,255,93.07091634101921,74.0,57.95059765194081,4258.161830544986,0.5152757076153816,0.49868392780403953,641562.0,922.8595389141791,790.9132088175063,1.1668278246281227,36.16919340189428,0.3474329790749781,1.3143816357143454,172,Bumblebee,Bombus pascuorum
87.32124598286491,0,0.3956071340939762,7,255,124.27028598563773,119.0,51.28228649027972,3,255,101.94294500922274,104.0,45.808230111256776,0,255,85.13152496600024,82.0,49.39329035673523,3745.7282809988565,0.6256823008505052,0.3956071340939762,456794.0,813.685180424045,634.7378937377505,1.2819231188995766,45.32379839538782,0.27725766725760426,-0.5807246693726538,173,Bee,Apis mellifera
133.2816566523691,0,0.48142696267696267,12,255,131.04455508958358,124.0,47.10593034280333,5,255,107.77538665463679,110.0,42.89092504826547,0,255,76.48594379746741,73.0,39.13203796857429,5865.777233702885,0.6010084580716438,0.48142696267696267,901747.0,1084.628042725696,866.8810045316459,1.2511844613687129,63.875926245411414,0.19673093374926817,1.342890743584785,174,Bee,Apis mellifera
229.12005586591496,0,0.492421460628315,12,255,132.9325807320256,121.0,54.561150801404644,6,255,111.19901126140122,99.0,49.64671091695081,4,255,110.54690087066996,98.0,55.24892957861908,5266.324527641749,0.6964371626496909,0.492421460628315,956087.0,1316.1129548582294,944.4660571773322,1.393499475027843,38.29867090669966,0.32811505769932375,0.3903463882235665,175,Hover fly,Eristalis
204.47493733951845,0,0.40253992524634724,5,255,113.54624987564401,109.0,48.6303837341124,0,255,102.58914892270032,103.0,47.27195740299898,0,255,92.26919378129625,84.0,50.12050077179656,6255.157138848601,0.452091167089718,0.40253992524634724,992091.0,1150.4930550354077,1026.2072867926847,1.1211117576753586,58.977885483493985,0.21306919553560622,0.9819687906010576,176,Hover fly,Eristalis
110.43550153822818,0,0.6491841491841492,1,252,88.55858698020984,89.0,57.33113764033814,1,237,70.75316950495187,62.0,51.996420921777634,0,255,62.46699563793098,53.0,52.924003848508704,4660.934521228266,0.5952658101702343,0.6491841491841492,726089.0,1028.4562679146475,826.3942838070891,1.2445103845305967,37.574521177615715,0.3344386094757567,0.27914189959023383,177,Bumblebee,Bombus hortorum
252.42028444639706,0,0.6402225802601742,14,255,126.30378993710106,117.0,47.453388323490984,10,255,98.99759371538732,93.0,40.26497689149171,0,255,81.6183079578271,68.0,50.34259664829166,4739.600430724999,0.788359536554203,0.6402225802601742,761036.0,1197.0339444844321,736.4329899788835,1.6254485618830792,34.896272267342404,0.36010638953317026,1.3011995670864749,178,Bumblebee,Bombus pascuorum
229.78685776170926,0,0.5077221870700132,3,255,114.57562330157585,114.0,70.2294705762456,0,255,104.62363291536748,101.0,67.79354845583005,0,255,90.01950946913968,82.0,68.28248419189136,4151.041122946063,0.7757074193823413,0.5077221870700132,489004.0,953.3755894572895,601.6683775249131,1.584553260683562,42.60715348287127,0.2949356994573939,0.8671099875634536,179,Bumblebee,Bombus hortorum
14.142135623730951,0,0.2836689355265646,7,255,83.93242575219813,76.0,49.0660027955043,5,237,73.53961641644311,66.0,43.73884199428903,5,255,87.8256655502419,77.0,51.00901898923333,8078.913631609705,0.5548716584636554,0.2836689355265646,851700.0,1100.1320662311955,915.2394273692943,1.2020155965017207,181.26307485325154,0.0693266989127971,1.0987454468954327,180,Wasp,Isodontia mexicana
150.14659503298768,0,0.369083243657591,3,255,115.19231818938259,106.0,53.87654562344791,0,255,106.09745049093027,97.0,52.1363843711278,0,255,95.40532534531536,87.0,46.172855006547316,6509.374526366304,0.8382763087656947,0.369083243657591,519834.0,963.3196597252282,525.245864022982,1.8340356882526132,141.02831327843748,0.08910530319928678,-0.7384415301825269,181,Bee,Anthidium
167.72000476985446,0,0.3699737274220033,2,255,151.9011690352131,159.0,58.44350436674426,0,255,140.13267706400845,145.0,56.11791951446486,0,255,141.6243494264301,141.0,54.28500598755296,5097.788380991178,0.8727225469145694,0.3699737274220033,588158.0,1079.1827325436911,526.8748223284596,2.048271594710815,76.89253331607937,0.16342770971926554,-0.2931793944324029,182,Bee,Anthidium
273.3093485411723,0,0.48099060940372995,32,255,162.51115260033927,164.0,44.82998751204432,17,249,140.52751884934517,145.0,43.47809180861023,0,255,132.03773282226493,132.0,56.819067353905886,4352.856310741464,0.5633405648868349,0.48099060940372995,728915.0,1053.3188707669246,870.2781655704341,1.2103243680444566,32.33547237186335,0.3886249277525254,-0.6163599032205841,183,Bumblebee,Bombus pascuorum
205.08047201037937,0,0.45226655226655227,13,255,138.17811960947574,139.0,44.348026304776006,7,234,122.6260947924242,128.0,41.26628561092313,7,255,123.3544703365268,123.0,47.29543120133609,5497.727593915828,0.7119829104524926,0.45226655226655227,727530.0,1089.4270675693767,764.9921923751608,1.4241022044772835,53.09283681120477,0.2366867428659821,-0.6370508103904043,184,Bee,Apis mellifera
205.08047201037937,0,0.45226655226655227,37,255,108.92215160745214,96.0,55.64758822542541,16,246,115.49670113089027,105.0,36.50469574630227,17,255,96.28874414617609,77.0,54.04012456726421,5497.727593915828,0.7119829104524926,0.45226655226655227,727530.0,1089.4270675693767,764.9921923751608,1.4241022044772835,53.09283681120477,0.2366867428659821,-0.6370508103904043,185,Bee,Apis mellifera
169.4018890095385,0,0.5576793062904174,0,249,116.6574756113095,115.0,54.33799596545894,0,234,98.01789016414324,102.0,48.08528319597917,1,255,91.09003720345945,86.0,44.89987039047762,5344.306237678518,0.4389401868616373,0.5576793062904174,616564.0,862.9330088084564,775.3593602929199,1.1129458841929147,62.72672183954969,0.20033520397420126,1.1101339308309985,186,Bumblebee,Bombus pascuorum
121.82364302548172,0,0.5173264907135875,4,255,111.39196072873857,105.0,57.96449439806421,3,245,89.17843702269042,80.0,53.69217130970048,0,255,82.04838443006282,72.0,52.4259300856933,3379.935387780043,0.7753079416090938,0.5173264907135875,376529.0,803.4258706899544,507.4304459346963,1.5833221619369509,44.97127570806301,0.2794310460733965,-0.10637779331439999,187,Bee,Anthidium
223.8146554629522,0,0.21505452923572743,22,255,215.195609196402,235.0,45.71260326772408,26,255,213.3180996600244,233.0,43.73345308823929,33,255,218.4906922055375,238.0,49.949859615075816,8267.686142824236,0.9489731160379342,0.21505452923572743,1808066.0,2211.818479291237,697.5123966477296,3.171009561867744,76.21813540401557,0.16487376065745515,0.8585563686495432,188,Butterfly,Pieris rapae
241.0,0,0.32685116368691247,30,255,180.75156881466984,195.0,39.114181010794134,31,255,178.97653173263882,193.0,37.44348798685312,27,255,185.15139574764638,195.0,42.98265802530537,7749.315472394509,0.9527572272903145,0.32685116368691247,1660305.0,2245.969749309949,682.1748731174064,3.2923665731725125,63.21777315239155,0.19877907727099026,1.377802068696062,189,Butterfly,Pieris rapae
350.0,0,0.7378051610507751,0,255,79.78968796906426,82.0,61.01365562411755,0,255,68.84716827164183,66.0,53.789754225613024,0,255,71.69117726719124,68.0,57.21532692847228,3149.3597026101825,0.598923922380585,0.7378051610507751,602629.0,962.567228027464,770.8295428319888,1.2487420039598387,17.33140166041084,0.7250637230953937,0.024285371316612174,190,Bumblebee,Bombus hortorum
125.51493934986385,0,0.36316824809071974,5,255,79.30273485210557,75.0,45.50559584810389,5,255,72.77605721062787,71.0,44.16331125391191,1,255,54.56003752677323,48.0,35.30209793147851,4830.404650700853,0.7152405882330294,0.36316824809071974,593034.0,874.4013179201391,611.100120807091,1.4308642530872053,82.60424863084783,0.15212741260461476,-0.47292615488565787,191,Bee,Megachile centuncularis
300.24156940703597,0,0.4305737802695932,0,255,187.3901869039007,215.0,59.43228216609491,2,255,186.92376727052581,212.0,59.43778937148673,0,255,175.94637222760923,192.0,60.31601477920724,7415.498192558054,0.8119753890906357,0.4305737802695932,1286468.0,1414.101991639996,825.3995553325092,1.7132332850244028,70.53097207963523,0.17816811882545322,-0.1486307708782997,192,Butterfly,Polyommatus icarus
332.48759375351136,0,0.45207588210786037,10,255,191.4522688146947,216.0,56.072399775336514,8,255,190.13366028522015,213.0,57.07444926907625,5,255,181.50660087732422,195.0,57.44837720075173,7645.79065250098,0.7875170767838423,0.45207588210786037,1572692.0,1556.3706595231665,959.1800801356073,1.62260527689767,58.30686668967834,0.21552128124531358,-0.1398287140777018,193,Butterfly,Polyommatus icarus
156.1569723067145,0,0.33317870184067366,3,255,143.8417534775615,133.0,62.00546944355667,1,255,110.47514962414564,94.0,58.787798411555855,0,255,110.4971193507682,97.0,59.54458732030131,6593.622904770335,0.500133188707261,0.33317870184067366,936306.0,1058.0062995643293,916.1789613181211,1.1548030944108987,81.03442988179549,0.15507446196252225,1.5656422489899813,194,Bee,Anthidium manicatum
201.10942295178512,0,0.5029120633176667,0,255,104.50544736127898,91.0,55.26018241159228,0,255,77.85279228890316,61.0,54.03290208585421,0,255,70.50005141405508,55.0,50.47127486495162,5597.679687232327,0.5958197979169074,0.5029120633176667,945235.0,1058.8401453514514,850.3737423395296,1.245146801497414,52.81996463531151,0.2379094855727758,-0.8479901723622689,195,Bee,Anthidium manicatum
188.83061192507955,0,0.4991791436826898,3,248,90.89539815136737,93.0,53.041251138398124,0,230,55.406790013249264,47.0,40.96563613586504,0,249,80.84584809389125,77.0,49.57126277999073,5603.400646087497,0.6438171832414008,0.4991791436826898,826879.0,1175.7615685240735,899.6684703739812,1.3068831544527995,49.17278043583782,0.25555542116956687,0.7725362454694089,196,Bee,Anthidium manicatum
126.87395319765204,0,0.303736944431885,0,255,70.25636240875718,57.0,54.40215940637091,0,255,47.17068143918652,31.0,42.63094035142082,0,255,57.4618237753216,41.0,50.68950633072257,6096.208691207961,0.46048167167836723,0.303736944431885,1081483.0,1151.7564692392566,1022.3787575405062,1.126545774493583,65.85921165986962,0.1908065750810727,1.317966686281865,197,Bee,Anthidium manicatum
125.0,0,0.4271361694391419,0,255,63.24698734284969,53.0,50.87007743582186,0,255,40.83888336161994,27.0,38.72898545349719,0,255,50.635131084946735,34.0,47.043680060026176,6028.729685956881,0.6678609155400456,0.4271361694391419,908845.0,1132.8718566710806,843.1807751192746,1.3435693627037772,64.45726349881048,0.19495662602231134,-0.8000294500248213,198,Bee,Anthidium manicatum
144.5856147754679,0,0.35619588249781153,0,255,73.69627776218478,65.0,52.85636190448513,0,255,60.292046888513134,50.0,47.795556831659894,0,255,49.69278645280685,33.0,47.41897314179945,7763.785601867097,0.7455031222275008,0.35619588249781153,1411964.0,1575.158292389389,1049.84636341007,1.5003702896803124,68.77236762319285,0.18272412378196617,0.9100852451484621,199,Bee,Anthidium manicatum
275.1817581163403,0,0.4448533542360703,4,255,140.88526135566042,141.0,83.31440538735951,0,230,74.56934977519214,59.0,50.70577110674481,0,255,91.1405012437117,89.0,51.53544145946877,5209.928604042605,0.7686270712992812,0.4448533542360703,876587.0,1244.9993152297263,796.4224957482407,1.5632397651701773,39.856563566180036,0.315289866711496,0.2954103931002132,200,Bumblebee,Bombus pascuorum
129.0271289303145,0,0.3733072988537469,0,255,63.1891360732394,40.0,64.62949629182586,0,207,36.07968563572105,19.0,37.04047813066654,0,234,42.03497682518364,26.0,43.64114252310106,5982.933654676488,0.6728727786985914,0.3733072988537469,846087.0,1026.3653708650593,759.2622195633156,1.3517930227785682,73.50943958685896,0.17094907381943394,1.1492186743609996,201,Bumblebee,Bombus lapidarius
158.0,0,0.4736416663433309,0,236,81.03486339991535,97.0,54.428386840274655,0,197,61.553821980712605,66.0,41.673081087908926,0,206,58.712465127497964,59.0,40.74936412007424,7431.884194358183,0.49512914234997885,0.4736416663433309,1306346.0,1278.0538837437257,1110.3979956288467,1.150987203484577,62.842072141536825,0.1999674769803327,0.45065508708644125,202,Bumblebee,Bombus lapidarius
402.54813376787627,0,0.4176587301587302,4,255,116.16900602913529,117.0,52.130014749555855,2,255,105.44925724411203,103.0,55.329554253157944,0,255,81.27971612393578,78.0,47.65362437220245,10069.067093990478,0.8581439522361981,0.4176587301587302,2722425.0,2242.0140302543,1151.0705217896698,1.9477642662314427,61.23115156500954,0.20522838936023224,1.3173763846523747,203,Hover fly,Eristalis
210.0,0,0.45541511636390164,0,230,50.54562121343595,27.0,51.38129345712074,0,208,44.90806673029986,21.0,49.41981511081494,0,255,47.06847353771602,25.0,49.71733150876019,6870.99689273039,0.7387893246440889,0.45541511636390164,1256139.0,1382.9353347578622,932.0105251135266,1.483819439259454,52.520295093247846,0.23926694608337684,0.8188438504721581,204,Bumblebee,Bombus hortorum
230.9328906847182,0,0.5537964619359969,0,225,61.39199133810695,47.0,49.52138228095746,0,201,57.789739724470444,39.0,49.44539632619843,0,226,50.09537653512314,34.0,45.7237634299383,6745.968322030643,0.6709272030195531,0.5537964619359969,1052265.0,1255.9889914615835,931.3450033073607,1.3485754333800666,54.445607261921694,0.2308059593110255,-1.0480917153086042,205,Bumblebee,Bombus hortorum
116.04309544302927,0,0.40769729936962246,15,255,139.82972061053698,138.0,54.88564030024654,0,255,112.52731942969787,107.0,48.21922402088206,0,255,105.3281665198968,99.0,54.17174967900742,5781.916410733786,0.6552888849937556,0.40769729936962246,782116.0,1107.4170801998657,836.5189055354953,1.323839871247089,64.4192390846814,0.19507170207087093,0.24927250690876843,206,Bee,Apis mellifera
342.1607809203153,0,0.3359039660432418,13,255,187.23241048605132,201.0,55.810176983197444,11,255,170.20538518442467,184.0,53.60535328510341,10,255,152.6855211303201,166.0,48.713515733467695,10526.069186031531,0.7795845366960567,0.3359039660432418,2973061.0,2090.942913889366,1309.5513040795472,1.5966865195549103,72.92094953437905,0.17232867501861965,0.4206836097265729,207,Butterfly,Macroglossum stellatarum
187.82971010998233,0,0.30716746272977274,19,255,155.25402173195994,159.0,45.78150111316512,17,255,136.0993676433169,133.0,49.94162732499148,13,255,127.12929385266372,128.0,55.07504283792436,7051.424345622109,0.8861550563752414,0.30716746272977274,1472455.0,1551.7374850765452,719.0578315600642,2.158014859124618,78.09838329992837,0.16090436297636776,-1.532636964527308,208,Butterfly,Macroglossum stellatarum
163.71316379570703,0,0.4535862328853159,0,255,64.54610141850519,47.0,54.560804418254605,0,255,56.38186944213668,36.0,50.02751342522865,0,255,42.26043109018739,25.0,42.45119908813466,3263.833836696128,0.4635394580585066,0.4535862328853159,375305.0,638.5769018658098,565.8278445620173,1.128571009721348,40.97284267809227,0.3066999942642074,-1.3581981641798666,209,Bumblebee,Bombus hortorum
221.30521909796886,0,0.42941212342968654,0,255,57.09007482848284,38.0,51.854097393509335,0,255,47.9917259241977,29.0,45.87711380773936,0,255,37.489205154475336,19.0,46.78555135648249,3864.4948750277263,0.4878084964840545,0.42941212342968654,475875.0,704.322394638474,614.8387056923605,1.145540103636363,50.49763016915214,0.2488506999688014,-1.5363163040428964,210,Bumblebee,Bombus hortorum
145.6193668438371,0,0.28570863650743433,0,255,72.60908573625528,52.0,59.91080260436272,0,255,72.53419761630143,55.0,58.760370983120765,0,255,76.91844982698962,62.0,60.87832072223988,5116.662443289624,0.652949564078331,0.28570863650743433,659243.0,880.1944804082449,666.6605236264742,1.3203038866321302,80.52359725819468,0.1560582368677068,-0.1708934231062546,211,Bee,Thyreus
106.01886624558857,0,0.5838692756796205,2,255,72.45839761993112,66.0,49.4612311793315,3,255,80.8242095189735,74.0,54.57306027050572,0,255,64.79707569217949,47.0,54.522747968784735,2258.3443712397834,0.4838949778441443,0.5838692756796205,191151.0,510.85577030131714,447.0632061100003,1.1426924947512245,33.201956259792155,0.3784828374578986,-0.11277385302088465,212,Bee,Thyreus
62.24146527838174,0,0.5286152174756528,4,255,117.5688062732433,113.0,52.044538007603535,2,255,101.40415198669015,107.0,50.80077160448332,0,255,74.78958394499902,67.0,46.894236972789656,3682.455157039688,0.6204111713570039,0.5286152174756528,424803.0,857.6838299096224,672.6614636096136,1.2750601547874438,41.47238936071208,0.3030057059182521,0.5544465179039747,213,Bee,Apis mellifera
268.8382413273826,0,0.5372180537390147,0,255,64.95735896066915,60.0,51.624487608165715,0,255,56.20595598267782,43.0,48.01866448264922,0,255,46.81347214806905,31.0,47.15272456699813,5828.893070136673,0.6055241947117677,0.5372180537390147,1085712.0,1282.5911799694077,1020.7205585764812,1.2565546654200215,40.3108434752178,0.3117367321297729,-0.8257897804814527,214,Bumblebee,Bombus hortorum
191.7706964058899,0,0.5468433763627396,3,247,69.99023670862782,51.0,57.36548644777741,2,255,58.93270145373776,43.0,47.97927667830672,0,255,45.41641591051051,31.0,41.08701352174409,3784.0886706920674,0.4499906657022782,0.5468433763627396,547370.0,804.763457671477,718.6805329232441,1.1197791241096922,37.11275880409415,0.33859974357316963,-1.4038748561230396,215,Bumblebee,Bombus hortorum
209.4612135933524,0,0.45368516489743493,0,255,115.65409906971796,119.0,67.8750974696064,0,255,94.63771851913532,94.0,62.417485793960516,0,255,84.80132395187144,72.0,62.910206918717954,6439.404830169604,0.17052011791970573,0.45368516489743493,1287650.0,1222.2828806474033,1204.381563786496,1.0148634929321128,47.95501543547889,0.26204497069272353,0.3447191604220924,216,Bumblebee,Bombus hortorum
194.3707796969493,0,0.5365592517998935,3,255,114.63219754577845,115.0,54.78655240608329,0,255,97.70836973678061,104.0,54.35260320048081,0,255,75.56213933621684,63.0,53.274533811724304,5325.520307665893,0.6413893970841018,0.5365592517998935,811894.0,1057.6186376982762,811.4214242465526,1.3034147313528608,50.984900294754354,0.2464723975473201,0.504652269111687,217,Bee,Apis mellifera
206.92993983471797,0,0.39451061230722245,2,255,141.6508815048478,146.0,64.15728432171079,1,255,118.03080697634914,116.0,63.14326813498946,0,255,98.94900195029857,93.0,61.66344180726921,5124.838200246983,0.5107614050879082,0.39451061230722245,788112.0,994.1264789088092,854.6729075837256,1.1631660136733917,56.47472584803742,0.22251317603865572,0.926813014417052,218,Bumblebee,Bombus pascuorum
313.765836253726,0,0.5568640450353002,0,255,89.93632186308808,80.0,63.11771164269774,0,255,74.27877221380955,62.0,57.884540000911485,0,255,65.7125084851966,48.0,58.02188885934522,6048.795523666114,0.7202128851299991,0.5568640450353002,1444423.0,1556.1066040789112,1079.5538212582842,1.4414349460272176,31.841616005363704,0.3946524137544518,-1.3700850219506289,219,Bumblebee,Bombus hortorum
247.88101984621574,0,0.6069983875327387,0,255,86.24564390376857,73.0,69.15306055618244,0,255,76.08669197725885,58.0,65.6711917182429,0,255,64.87893814516099,43.0,64.15181447547008,5564.284809653709,0.7890923969005491,0.6069983875327387,1258915.0,1547.059008963543,950.3189342133245,1.6279366360770249,29.713648758856163,0.42291576899029476,-1.3640813534544467,220,Bumblebee,Bombus hortorum
325.16149833582693,0,0.45862380237380235,0,255,94.69786425972299,81.0,65.11812060350474,0,255,80.73899623346661,64.0,60.950526298198994,0,255,69.59042007836209,48.0,62.48456431326421,6315.1550468075475,0.3969548775398287,0.45862380237380235,1309077.0,1261.2648109791467,1157.6369302639628,1.0895167370753756,43.1772947707209,0.291041175254004,0.3110940045168394,221,Bumblebee,Bombus hortorum
198.66806487203723,0,0.4312181250358146,2,255,111.52196685298539,106.0,68.45726688674777,0,255,95.65793730222669,87.0,64.46164405817757,0,255,84.60786276089466,65.0,68.33717962113425,7647.8120805257895,0.5512376045628975,0.4312181250358146,1407141.0,1333.2082360136483,1112.3600393278307,1.1985402107929644,60.72214730845183,0.20694871922966526,-0.6829343710579471,222,Bumblebee,Bombus hortorum
181.0,0,0.703611300979722,18,255,143.71633502258635,139.0,59.16899837146976,14,255,136.41027260117977,131.0,57.782141459769775,0,255,125.04458440598201,125.0,58.555246240139965,1848.143361113007,0.44237973481078524,0.703611300979722,201266.0,521.8689730631187,468.0266226036567,1.1150412131684608,18.434088819228784,0.6816919858415278,-1.4612896369550508,223,Bee,Trachusa byssina 
228.2805291740844,0,0.2750105542672891,11,255,136.7709760908902,136.0,47.929159340927846,12,254,127.46873238705467,123.0,43.61530415652769,0,255,106.50590867965946,104.0,47.028084772936324,5547.463525203901,0.9126880805859201,0.2750105542672891,1093943.0,1536.7962164394376,628.0223883444731,2.4470404956272,57.055470698488044,0.2202483032830746,1.2662985411413619,224,Butterfly,Macroglossum stellatarum
34.539832078341085,0,0.34762546302939473,15,240,106.0601511231038,106.0,35.356682110412386,8,236,87.06605233889184,86.0,39.827689921296376,0,246,74.34421210742964,69.0,42.365894041570144,7559.268970669032,0.5525558045489857,0.34762546302939473,1465101.0,1316.085812903613,1096.9258128966421,1.1997947330897767,72.80019488652982,0.17261451887520043,-1.4751612515636707,225,Butterfly,Macroglossum stellatarum
152.95751043999115,0,0.4596171293776084,1,255,86.69528448383637,80.0,62.365370950625305,0,255,83.51077794666298,72.0,64.12613866404155,0,255,68.93355080045006,53.0,59.710312936600005,5540.572218962751,0.70758798580977,0.4596171293776084,846020.0,1195.1220744370928,844.5034332766747,1.4151772832941805,50.49767483491223,0.2488504798575646,-0.48462965261654584,226,Bumblebee,Bombus hortorum
146.4547711752676,0,0.43897062131641695,3,255,85.493191497842,72.0,60.75422095534657,0,253,71.5519712343275,54.0,58.1498839256037,0,255,67.54166951362555,55.0,55.42551823428311,6286.72376877122,0.556549896930778,0.43897062131641695,1038551.0,1147.8752083664624,953.6710072605979,1.203638570982369,56.26002947290409,0.22336231836514372,-0.627465534993386,227,Bumblebee,Bombus hortorum
169.11830178901394,0,0.4608977079796265,2,255,91.38113784326517,97.0,66.08754629695328,1,255,77.06552575368046,72.0,61.519545210685585,0,255,79.05438842203549,66.0,71.49688533047811,3170.372941939529,0.6712348283737932,0.4608977079796265,396690.0,807.9398783303608,598.8812071753406,1.3490820360536242,32.140185817192695,0.3909862464963431,-1.4450743491646865,228,Bumblebee,Bombus hortorum
100.0,0,0.48894366840135123,0,255,100.58214917030786,97.0,43.770448303829205,0,250,80.20718807185271,83.0,38.25326483661868,0,236,54.82701261032478,51.0,31.026762874813027,5801.553928999521,0.5574876101145773,0.48894366840135123,1001229.0,1158.867590684321,962.0747911338281,1.2045504168325292,52.37397142928911,0.23993541584535405,-0.18916656086221606,229,Bee,Apis mellifera
176.32356620712955,0,0.48214503379125717,2,234,83.8001314000977,76.0,56.36727695892045,1,223,73.2385036618804,63.0,52.23670586791476,0,255,77.43605637407516,58.0,61.88331792029773,5771.028242554217,0.8098734692246609,0.48214503379125717,923986.0,1256.0850092979792,736.8252520519783,1.7047257891880319,51.974461214902234,0.2417797187430221,-1.459293400321937,230,Bumblebee,Bombus hortorum
240.62626623043462,0,0.49281997968232266,14,255,148.1031118003747,154.0,48.96924572875449,7,242,124.11433614764796,126.0,46.144169182798585,8,255,121.5345809111444,113.0,58.618048341468665,3341.386181268875,0.7408117257459473,0.49281997968232266,528503.0,941.6144659998287,632.4944203073096,1.4887316563873039,26.886565971936957,0.4673847388125137,0.30246468636682944,231,Bee,Apis mellifera
146.82302271782856,0,0.6819056685056768,17,255,149.51025336641584,157.0,45.59258729260682,10,255,128.509045889228,138.0,45.699162713776026,4,255,115.63683977236253,119.0,43.149168252282095,2437.72113832392,0.6846876252988483,0.6819056685056768,252680.0,626.1792678014756,456.38239699984007,1.3720495617662813,30.276009660995783,0.41506033176321366,0.07986473571115402,232,Bee,Apis mellifera
159.0,0,0.40567770578166157,4,250,102.01143822331831,116.0,46.67989088401064,3,235,93.91405276611049,107.0,44.532821296517156,2,233,83.52421871989519,86.0,37.24256695383008,3816.2461376861975,0.7943252539538103,0.40567770578166157,482112.0,914.0364181524851,555.2704593691197,1.6461102922546673,46.76677386679004,0.2687029609986159,-0.14103333560046916,233,Bee,Trachusa byssina 
275.98007174431996,0,0.2996051326418401,7,255,121.85413279655934,123.0,55.30810218421019,8,249,112.36626785882393,120.0,46.374749547695885,4,255,93.6615647751589,92.0,40.507788826028985,8374.470847347586,0.47968483614144564,0.2996051326418401,1829565.0,1480.1150911488899,1298.713454410004,1.1396779529178707,74.18202643436445,0.16939912831146203,1.0853630168098003,234,Butterfly,Macroglossum stellatarum
41.0,0,0.3117739070494976,2,255,83.38740454769639,82.0,53.31517401620749,0,255,80.85013917470252,75.0,54.21117449212115,1,255,71.85334217702115,54.0,58.6292508880158,3238.1769824466355,0.6578644085912949,0.3117739070494976,333945.0,716.5730627324222,539.6772486701957,1.3277807513622462,59.44426588687562,0.21139752382968927,1.3758065909689692,235,Bee,Thyreus
399.0050124998432,0,0.5646132937348837,3,255,56.33528961919799,24.0,63.37191271586538,0,255,34.13407754031444,18.0,42.000823356111944,0,255,26.879395293908495,14.0,43.280928860738086,8463.931055021156,0.6733984621773026,0.5646132937348837,3255637.0,2303.566291564218,1702.9798535204181,1.3526679642171109,25.269502153872686,0.49729395291760065,1.0578466570405298,236,Butterfly,Aglais urticae
409.19066460514466,0,0.4272817643974904,0,255,115.06090362074532,105.0,78.50006726118077,0,255,89.37359673970295,71.0,68.06048580777971,0,255,72.43051419098175,47.0,64.3949163126942,9529.913990547204,0.8948909401883163,0.4272817643974904,2950488.0,2303.137970147938,1027.8556811495523,2.2407211560791414,55.11051360068845,0.22802129382082537,0.15854878087130325,237,Butterfly,Aglais urticae
265.1980392084376,0,0.24255424332473888,0,255,79.10444745225261,61.0,62.966194156943104,0,255,66.19780273607947,49.0,57.87441943081866,0,255,59.509994268398835,42.0,57.033633892618646,13954.000928135716,0.9417689295956859,0.24255424332473888,4035603.0,3133.5195475176847,1053.6795924541264,2.973882734332361,109.62905724868078,0.11462627636990275,-0.37155973948830245,238,Butterfly,Aglais urticae
140.13208055259867,0,0.4342213596800753,2,226,92.28910152110531,98.0,51.08971733115459,0,218,72.56448179743364,72.0,46.22146478074702,0,233,59.03592012138095,53.0,42.259376531174965,7259.986611993874,0.8127502787185337,0.4342213596800753,1009547.0,1289.7085917730126,751.3999698117915,1.716407563998246,96.46674855060368,0.13026634361753384,0.024623038648991225,239,Wasp,Vespula germanica
83.21658488546619,0,0.381001125734009,3,236,93.43841679177447,84.0,55.59098623368496,1,231,75.83548412284344,64.0,53.8798578830738,0,245,59.99773386286765,50.0,46.70103176455515,6605.215146799869,0.7295161988269692,0.381001125734009,940999.0,1243.049145977348,850.200286643223,1.4620662513361156,77.42286284904087,0.16230826595576928,-0.3108796733300834,240,Wasp,Vespula germanica
142.52368224263643,0,0.35974368716992583,3,220,94.15029414052425,99.0,50.09626591515685,2,210,73.5110144061309,66.0,45.7667631402929,0,214,54.52758411763983,45.0,38.62381953425668,8994.32715808905,0.7222590001661149,0.35974368716992583,1110138.0,1171.3097134439577,810.1043675158164,1.445875075375506,165.5905142786869,0.07588822746941964,-1.1448877407727769,241,Wasp,Vespula germanica
155.46703830716015,0,0.34997721435081613,2,228,86.80148716023731,87.0,55.00009038581825,0,221,67.48573662560413,54.0,50.84452357549433,0,216,45.58439727800457,35.0,38.467564629015534,8349.988883503676,0.5969530296114489,0.34997721435081613,1263962.0,1210.39060567147,971.0675600574828,1.2464535480928025,108.59683029058651,0.11571581399506521,-0.920675161232884,242,Wasp,Vespula germanica
221.65288177689007,0,0.5248679577464789,2,253,88.77204061737022,92.0,53.07329191814082,0,242,70.71446885972858,69.0,46.6177875457435,2,255,81.32869701753931,80.0,51.08373586854861,5113.684917334959,0.8223559472668381,0.5248679577464789,740920.0,1198.81019597529,682.0910774321977,1.7575514995568258,45.12043452955984,0.27850730484713176,-0.18969299717614382,243,Bee,Anthidium manicatum
81.83520025025906,0,0.3933475378787879,13,228,113.5008258936035,110.0,52.715141639539574,9,218,88.21972113552012,71.0,54.18640260792369,2,202,63.12108202093155,39.0,53.01093823543645,3007.2450916656708,0.647175346840814,0.3933475378787879,246047.0,614.8730043325221,468.7430099460284,1.3117486368560873,60.47763427523502,0.20778541960106026,-0.2381571812716565,244,Bee,Apis mellifera
106.06601717798213,0,0.3006697233527381,2,255,75.54136467739264,72.0,37.890965008328806,2,255,62.234743473319284,56.0,37.473170256139106,0,248,43.95999748699233,40.0,27.608286588934888,5078.401692108024,0.7396343401457777,0.3006697233527381,420261.0,758.7840351499575,510.668444572827,1.4858643474332522,147.2974529890835,0.08531288463820547,1.3722675572005483,245,Bee,Apis mellifera
83.54639429682169,0,0.4681309216192937,7,214,98.70078530192126,98.0,46.799467155566,7,208,75.14430089463089,70.0,43.46632570423634,0,204,55.65772702425237,47.0,38.47385902589239,2715.300828107137,0.7762780615620086,0.4681309216192937,224561.0,604.6191807033962,381.1462781007403,1.5863179452157474,49.150424563812805,0.2556716595203374,0.34834280261465067,246,Bee,Apis mellifera
95.1892851112981,0,0.4494969875297744,7,255,89.27736596780193,82.0,52.39772591626998,2,255,65.28778763489461,52.0,46.710059840511875,0,255,56.7122331460966,46.0,39.2679592748331,5334.992529179534,0.7525509928389723,0.4494969875297744,774958.0,1115.7077358150393,734.7314560900919,1.5185245256169249,59.147159106337256,0.21245941147852634,-0.0403818701115969,247,Bee,Apis mellifera
45.5411901469428,0,0.3831511560595226,5,252,79.89334044318048,60.0,54.355530201034604,4,239,60.23562033416282,37.0,52.16396028410166,0,233,57.19134376110914,31.0,51.857601448776194,3508.714175117733,0.6485390571307277,0.3831511560595226,293176.0,640.3223512783642,487.4014501990185,1.3137473247502736,72.94155209546221,0.17228000026532125,-0.8997465594735713,248,Bee,Apis mellifera
100.22474744293447,0,0.43023527718818577,6,255,140.45174934325593,141.0,57.828557265181644,3,255,111.76824076203218,119.0,52.95813713739536,3,255,103.18029976796204,102.0,53.47460114681416,3389.954723763799,0.3895680448185199,0.43023527718818577,398371.0,758.4816201516759,698.5598173786684,1.085779057544224,40.03802157733029,0.31386092817019484,0.450530475048627,249,Bee,Apis mellifera
126.57013865837392,0,0.48949779341936206,0,255,127.06082382310984,125.0,62.59178457761771,0,255,101.6260057061341,96.0,60.36123553431987,0,255,77.42946683309557,63.0,59.83946465389906,5089.1559133593255,0.6874177521486319,0.48949779341936206,774142.0,1134.652843903982,824.0555103969698,1.3769131200365243,46.18314534679064,0.2720986307883085,-0.606909568355371,250,Bee,Apis mellifera
